WARNING: A restricted method in java.lang.System has been called
WARNING: java.lang.System::load has been called by org.fusesource.jansi.internal.JansiLoader in an unnamed module (file:/C:/Program%20Files/apache-maven-3.9.6/lib/jansi-2.4.0.jar)
WARNING: Use --enable-native-access=ALL-UNNAMED to avoid a warning for callers in this module
WARNING: Restricted methods will be blocked in a future release unless native access is enabled

Apache Maven 3.9.6 (bc0240f3c744dd6b6ec2920b3cd08dcc295161ae)
Maven home: C:\Program Files\apache-maven-3.9.6
Java version: 25.0.1, vendor: Oracle Corporation, runtime: C:\Program Files\Java\jdk-25.0.1
Default locale: en_US, platform encoding: UTF-8
OS name: "windows 11", version: "10.0", arch: "amd64", family: "windows"
WARNING: A terminally deprecated method in sun.misc.Unsafe has been called
WARNING: sun.misc.Unsafe::objectFieldOffset has been called by com.google.common.util.concurrent.AbstractFuture$UnsafeAtomicHelper (file:/C:/Program%20Files/apache-maven-3.9.6/lib/guava-32.0.1-jre.jar)
WARNING: Please consider reporting this to the maintainers of class com.google.common.util.concurrent.AbstractFuture$UnsafeAtomicHelper
WARNING: sun.misc.Unsafe::objectFieldOffset will be removed in a future release
[DEBUG] Created new class realm maven.api
[DEBUG] Importing foreign packages into class realm maven.api
[DEBUG]   Imported: javax.annotation.* < plexus.core
[DEBUG]   Imported: javax.annotation.security.* < plexus.core
[DEBUG]   Imported: javax.inject.* < plexus.core
[DEBUG]   Imported: org.apache.maven.* < plexus.core
[DEBUG]   Imported: org.apache.maven.artifact < plexus.core
[DEBUG]   Imported: org.apache.maven.classrealm < plexus.core
[DEBUG]   Imported: org.apache.maven.cli < plexus.core
[DEBUG]   Imported: org.apache.maven.configuration < plexus.core
[DEBUG]   Imported: org.apache.maven.exception < plexus.core
[DEBUG]   Imported: org.apache.maven.execution < plexus.core
[DEBUG]   Imported: org.apache.maven.execution.scope < plexus.core
[DEBUG]   Imported: org.apache.maven.graph < plexus.core
[DEBUG]   Imported: org.apache.maven.lifecycle < plexus.core
[DEBUG]   Imported: org.apache.maven.model < plexus.core
[DEBUG]   Imported: org.apache.maven.monitor < plexus.core
[DEBUG]   Imported: org.apache.maven.plugin < plexus.core
[DEBUG]   Imported: org.apache.maven.profiles < plexus.core
[DEBUG]   Imported: org.apache.maven.project < plexus.core
[DEBUG]   Imported: org.apache.maven.reporting < plexus.core
[DEBUG]   Imported: org.apache.maven.repository < plexus.core
[DEBUG]   Imported: org.apache.maven.rtinfo < plexus.core
[DEBUG]   Imported: org.apache.maven.settings < plexus.core
[DEBUG]   Imported: org.apache.maven.toolchain < plexus.core
[DEBUG]   Imported: org.apache.maven.usability < plexus.core
[DEBUG]   Imported: org.apache.maven.wagon.* < plexus.core
[DEBUG]   Imported: org.apache.maven.wagon.authentication < plexus.core
[DEBUG]   Imported: org.apache.maven.wagon.authorization < plexus.core
[DEBUG]   Imported: org.apache.maven.wagon.events < plexus.core
[DEBUG]   Imported: org.apache.maven.wagon.observers < plexus.core
[DEBUG]   Imported: org.apache.maven.wagon.proxy < plexus.core
[DEBUG]   Imported: org.apache.maven.wagon.repository < plexus.core
[DEBUG]   Imported: org.apache.maven.wagon.resource < plexus.core
[DEBUG]   Imported: org.codehaus.classworlds < plexus.core
[DEBUG]   Imported: org.codehaus.plexus.* < plexus.core
[DEBUG]   Imported: org.codehaus.plexus.classworlds < plexus.core
[DEBUG]   Imported: org.codehaus.plexus.component < plexus.core
[DEBUG]   Imported: org.codehaus.plexus.configuration < plexus.core
[DEBUG]   Imported: org.codehaus.plexus.container < plexus.core
[DEBUG]   Imported: org.codehaus.plexus.context < plexus.core
[DEBUG]   Imported: org.codehaus.plexus.lifecycle < plexus.core
[DEBUG]   Imported: org.codehaus.plexus.logging < plexus.core
[DEBUG]   Imported: org.codehaus.plexus.personality < plexus.core
[DEBUG]   Imported: org.codehaus.plexus.util.xml.Xpp3Dom < plexus.core
[DEBUG]   Imported: org.codehaus.plexus.util.xml.pull.XmlPullParser < plexus.core
[DEBUG]   Imported: org.codehaus.plexus.util.xml.pull.XmlPullParserException < plexus.core
[DEBUG]   Imported: org.codehaus.plexus.util.xml.pull.XmlSerializer < plexus.core
[DEBUG]   Imported: org.eclipse.aether.* < plexus.core
[DEBUG]   Imported: org.eclipse.aether.artifact < plexus.core
[DEBUG]   Imported: org.eclipse.aether.collection < plexus.core
[DEBUG]   Imported: org.eclipse.aether.deployment < plexus.core
[DEBUG]   Imported: org.eclipse.aether.graph < plexus.core
[DEBUG]   Imported: org.eclipse.aether.impl < plexus.core
[DEBUG]   Imported: org.eclipse.aether.installation < plexus.core
[DEBUG]   Imported: org.eclipse.aether.internal.impl < plexus.core
[DEBUG]   Imported: org.eclipse.aether.metadata < plexus.core
[DEBUG]   Imported: org.eclipse.aether.repository < plexus.core
[DEBUG]   Imported: org.eclipse.aether.resolution < plexus.core
[DEBUG]   Imported: org.eclipse.aether.spi < plexus.core
[DEBUG]   Imported: org.eclipse.aether.transfer < plexus.core
[DEBUG]   Imported: org.eclipse.aether.util < plexus.core
[DEBUG]   Imported: org.eclipse.aether.version < plexus.core
[DEBUG]   Imported: org.fusesource.jansi.* < plexus.core
[DEBUG]   Imported: org.slf4j.* < plexus.core
[DEBUG]   Imported: org.slf4j.event.* < plexus.core
[DEBUG]   Imported: org.slf4j.helpers.* < plexus.core
[DEBUG]   Imported: org.slf4j.spi.* < plexus.core
[DEBUG] Populating class realm maven.api
[DEBUG] Created adapter factory; available factories [file-lock, rwlock-local, semaphore-local, noop]; available name mappers [discriminating, file-gav, file-hgav, file-static, gav, static]
[INFO] Error stacktraces are turned on.
[DEBUG] Message scheme: color
[DEBUG] Message styles: debug info warning error success failure strong mojo project
[DEBUG] Reading global settings from C:\Program Files\apache-maven-3.9.6\conf\settings.xml
[DEBUG] Reading user settings from C:\Users\gkalia\.m2\settings.xml
[DEBUG] Reading global toolchains from C:\Program Files\apache-maven-3.9.6\conf\toolchains.xml
[DEBUG] Reading user toolchains from C:\Users\gkalia\.m2\toolchains.xml
[DEBUG] Using local repository at C:\Localdata\Java\maven_repo
[DEBUG] Using manager EnhancedLocalRepositoryManager with priority 10.0 for C:\Localdata\Java\maven_repo
[INFO] Scanning for projects...
[DEBUG] Using mirror lis-artifactory-virtual (https://apps-artifactory.asml.com/artifactory/lis-mvn-virtual) for central (https://apps-artifactory.asml.com/artifactory/lis-mvn-virtual).
[DEBUG] Using mirror lswf-mvn-virtual (https://apps-artifactory.asml.com/artifactory/lswf-mvn-virtual) for lswf-releases (https://apps-artifactory.asml.com/artifactory/lswf-mvn-virtual).
[DEBUG] Using mirror lswf-mvn-virtual (https://apps-artifactory.asml.com/artifactory/lswf-mvn-virtual) for lswf-snapshots (https://apps-artifactory.asml.com/artifactory/lswf-mvn-virtual).
[DEBUG] Using mirror doc-types (https://apps-artifactory.asml.com/artifactory/doc-types-mvn-releases-veldhoven) for doc-types (https://apps-artifactory.asml.com/artifactory/doc-types-mvn-releases-veldhoven).
[DEBUG] Creating adapter using nameMapper 'gav' and factory 'rwlock-local'
[DEBUG] Extension realms for project com.asml.analytics:opo-monitoring-bff:jar:0.1.0: (none)
[DEBUG] Looking up lifecycle mappings for packaging jar from ClassRealm[plexus.core, parent: null]
[DEBUG] Using mirror lis-artifactory-virtual (https://apps-artifactory.asml.com/artifactory/lis-mvn-virtual) for central (https://repo.maven.apache.org/maven2).
[DEBUG] Extension realms for project org.springframework.boot:spring-boot-starter-parent:pom:3.5.6: (none)
[DEBUG] Looking up lifecycle mappings for packaging pom from ClassRealm[plexus.core, parent: null]
[DEBUG] Extension realms for project org.springframework.boot:spring-boot-dependencies:pom:3.5.6: (none)
[DEBUG] Looking up lifecycle mappings for packaging pom from ClassRealm[plexus.core, parent: null]
[DEBUG] === REACTOR BUILD PLAN ================================================
[DEBUG] Project: com.asml.analytics:opo-monitoring-bff:jar:0.1.0
[DEBUG] Tasks:   [test]
[DEBUG] Style:   Regular
[DEBUG] =======================================================================
[INFO] 
[INFO] ---------------< com.asml.analytics:opo-monitoring-bff >----------------
[INFO] Building opo-monitoring-bff 0.1.0
[INFO]   from pom.xml
[INFO] --------------------------------[ jar ]---------------------------------
[DEBUG] Lifecycle clean -> [pre-clean, clean, post-clean]
[DEBUG] Lifecycle default -> [validate, initialize, generate-sources, process-sources, generate-resources, process-resources, compile, process-classes, generate-test-sources, process-test-sources, generate-test-resources, process-test-resources, test-compile, process-test-classes, test, prepare-package, package, pre-integration-test, integration-test, post-integration-test, verify, install, deploy]
[DEBUG] Lifecycle site -> [pre-site, site, post-site, site-deploy]
[DEBUG] Lifecycle clean -> [pre-clean, clean, post-clean]
[DEBUG] Lifecycle default -> [validate, initialize, generate-sources, process-sources, generate-resources, process-resources, compile, process-classes, generate-test-sources, process-test-sources, generate-test-resources, process-test-resources, test-compile, process-test-classes, test, prepare-package, package, pre-integration-test, integration-test, post-integration-test, verify, install, deploy]
[DEBUG] Lifecycle site -> [pre-site, site, post-site, site-deploy]
[DEBUG] Lifecycle clean -> [pre-clean, clean, post-clean]
[DEBUG] Lifecycle default -> [validate, initialize, generate-sources, process-sources, generate-resources, process-resources, compile, process-classes, generate-test-sources, process-test-sources, generate-test-resources, process-test-resources, test-compile, process-test-classes, test, prepare-package, package, pre-integration-test, integration-test, post-integration-test, verify, install, deploy]
[DEBUG] Lifecycle site -> [pre-site, site, post-site, site-deploy]
[DEBUG] Lifecycle clean -> [pre-clean, clean, post-clean]
[DEBUG] Lifecycle default -> [validate, initialize, generate-sources, process-sources, generate-resources, process-resources, compile, process-classes, generate-test-sources, process-test-sources, generate-test-resources, process-test-resources, test-compile, process-test-classes, test, prepare-package, package, pre-integration-test, integration-test, post-integration-test, verify, install, deploy]
[DEBUG] Lifecycle site -> [pre-site, site, post-site, site-deploy]
[DEBUG] Lifecycle clean -> [pre-clean, clean, post-clean]
[DEBUG] Lifecycle default -> [validate, initialize, generate-sources, process-sources, generate-resources, process-resources, compile, process-classes, generate-test-sources, process-test-sources, generate-test-resources, process-test-resources, test-compile, process-test-classes, test, prepare-package, package, pre-integration-test, integration-test, post-integration-test, verify, install, deploy]
[DEBUG] Lifecycle site -> [pre-site, site, post-site, site-deploy]
[DEBUG] Lifecycle clean -> [pre-clean, clean, post-clean]
[DEBUG] Lifecycle default -> [validate, initialize, generate-sources, process-sources, generate-resources, process-resources, compile, process-classes, generate-test-sources, process-test-sources, generate-test-resources, process-test-resources, test-compile, process-test-classes, test, prepare-package, package, pre-integration-test, integration-test, post-integration-test, verify, install, deploy]
[DEBUG] Lifecycle site -> [pre-site, site, post-site, site-deploy]
[DEBUG] === PROJECT BUILD PLAN ================================================
[DEBUG] Project:       com.asml.analytics:opo-monitoring-bff:0.1.0
[DEBUG] Dependencies (collect): []
[DEBUG] Dependencies (resolve): [compile, test]
[DEBUG] Repositories (dependencies): [lis-artifactory-virtual (https://apps-artifactory.asml.com/artifactory/lis-mvn-virtual, default, releases+snapshots), lswf-mvn-virtual (https://apps-artifactory.asml.com/artifactory/lswf-mvn-virtual, default, releases+snapshots), doc-types (https://apps-artifactory.asml.com/artifactory/doc-types-mvn-releases-veldhoven, default, releases)]
[DEBUG] Repositories (plugins)     : [lis-artifactory-virtual (https://apps-artifactory.asml.com/artifactory/lis-mvn-virtual, default, releases+snapshots), lswf-mvn-virtual (https://apps-artifactory.asml.com/artifactory/lswf-mvn-virtual, default, releases+snapshots)]
[DEBUG] -----------------------------------------------------------------------
[DEBUG] Goal:          org.apache.maven.plugins:maven-resources-plugin:3.3.1:resources (default-resources)
[DEBUG] Style:         Regular
[DEBUG] Configuration: <?xml version="1.0" encoding="UTF-8"?>
<configuration>
  <addDefaultExcludes default-value="true"/>
  <buildFilters default-value="${project.build.filters}"/>
  <delimiters>
    <delimiter>@</delimiter>
  </delimiters>
  <encoding default-value="${project.build.sourceEncoding}"/>
  <escapeWindowsPaths default-value="true"/>
  <fileNameFiltering default-value="false"/>
  <includeEmptyDirs default-value="false"/>
  <outputDirectory default-value="${project.build.outputDirectory}"/>
  <overwrite default-value="false"/>
  <project default-value="${project}"/>
  <propertiesEncoding>UTF-8</propertiesEncoding>
  <resources default-value="${project.resources}"/>
  <session default-value="${session}"/>
  <skip default-value="false">${maven.resources.skip}</skip>
  <supportMultiLineFiltering default-value="false"/>
  <useBuildFilters default-value="true"/>
  <useDefaultDelimiters default-value="true">false</useDefaultDelimiters>
</configuration>
[DEBUG] -----------------------------------------------------------------------
[DEBUG] Goal:          org.apache.maven.plugins:maven-compiler-plugin:3.14.0:compile (default-compile)
[DEBUG] Style:         Regular
[DEBUG] Configuration: <?xml version="1.0" encoding="UTF-8"?>
<configuration>
  <annotationProcessorPathsUseDepMgmt default-value="false"/>
  <basedir default-value="${basedir}"/>
  <buildDirectory default-value="${project.build.directory}"/>
  <compilePath default-value="${project.compileClasspathElements}"/>
  <compileSourceRoots default-value="${project.compileSourceRoots}"/>
  <compilerId default-value="javac">${maven.compiler.compilerId}</compilerId>
  <compilerReuseStrategy default-value="${reuseCreated}">${maven.compiler.compilerReuseStrategy}</compilerReuseStrategy>
  <compilerVersion>${maven.compiler.compilerVersion}</compilerVersion>
  <createMissingPackageInfoClass default-value="true">${maven.compiler.createMissingPackageInfoClass}</createMissingPackageInfoClass>
  <debug default-value="true">${maven.compiler.debug}</debug>
  <debugFileName default-value="javac"/>
  <debuglevel>${maven.compiler.debuglevel}</debuglevel>
  <enablePreview default-value="false">${maven.compiler.enablePreview}</enablePreview>
  <encoding default-value="${project.build.sourceEncoding}">${encoding}</encoding>
  <executable>${maven.compiler.executable}</executable>
  <failOnError default-value="true">${maven.compiler.failOnError}</failOnError>
  <failOnWarning default-value="false">${maven.compiler.failOnWarning}</failOnWarning>
  <fileExtensions default-value="class,jar"/>
  <forceJavacCompilerUse default-value="false">${maven.compiler.forceJavacCompilerUse}</forceJavacCompilerUse>
  <forceLegacyJavacApi default-value="false">${maven.compiler.forceLegacyJavacApi}</forceLegacyJavacApi>
  <fork default-value="false">${maven.compiler.fork}</fork>
  <generatedSourcesDirectory default-value="${project.build.directory}/generated-sources/annotations"/>
  <implicit>${maven.compiler.implicit}</implicit>
  <maxmem>${maven.compiler.maxmem}</maxmem>
  <meminitial>${maven.compiler.meminitial}</meminitial>
  <moduleVersion default-value="${project.version}">${maven.compiler.moduleVersion}</moduleVersion>
  <mojoExecution default-value="${mojoExecution}"/>
  <optimize default-value="false">${maven.compiler.optimize}</optimize>
  <outputDirectory default-value="${project.build.outputDirectory}">${maven.compiler.outputDirectory}</outputDirectory>
  <outputTimestamp default-value="${project.build.outputTimestamp}"/>
  <parameters default-value="false">true</parameters>
  <proc>${maven.compiler.proc}</proc>
  <project default-value="${project}"/>
  <projectArtifact default-value="${project.artifact}"/>
  <release>${maven.compiler.release}</release>
  <session default-value="${session}"/>
  <showCompilationChanges default-value="false">${maven.compiler.showCompilationChanges}</showCompilationChanges>
  <showDeprecation default-value="false">${maven.compiler.showDeprecation}</showDeprecation>
  <showWarnings default-value="true">${maven.compiler.showWarnings}</showWarnings>
  <skipMain>${maven.main.skip}</skipMain>
  <skipMultiThreadWarning default-value="false">${maven.compiler.skipMultiThreadWarning}</skipMultiThreadWarning>
  <source default-value="1.8">${maven.compiler.source}</source>
  <staleMillis default-value="0">${lastModGranularityMs}</staleMillis>
  <target default-value="1.8">${maven.compiler.target}</target>
  <useIncrementalCompilation default-value="true">${maven.compiler.useIncrementalCompilation}</useIncrementalCompilation>
  <verbose default-value="false">${maven.compiler.verbose}</verbose>
</configuration>
[DEBUG] -----------------------------------------------------------------------
[DEBUG] Goal:          org.apache.maven.plugins:maven-resources-plugin:3.3.1:testResources (default-testResources)
[DEBUG] Style:         Regular
[DEBUG] Configuration: <?xml version="1.0" encoding="UTF-8"?>
<configuration>
  <addDefaultExcludes default-value="true"/>
  <buildFilters default-value="${project.build.filters}"/>
  <delimiters>
    <delimiter>@</delimiter>
  </delimiters>
  <encoding default-value="${project.build.sourceEncoding}"/>
  <escapeWindowsPaths default-value="true"/>
  <fileNameFiltering default-value="false"/>
  <includeEmptyDirs default-value="false"/>
  <outputDirectory default-value="${project.build.testOutputDirectory}"/>
  <overwrite default-value="false"/>
  <project default-value="${project}"/>
  <propertiesEncoding>UTF-8</propertiesEncoding>
  <resources default-value="${project.testResources}"/>
  <session default-value="${session}"/>
  <skip default-value="false">${maven.test.skip}</skip>
  <supportMultiLineFiltering default-value="false"/>
  <useBuildFilters default-value="true"/>
  <useDefaultDelimiters default-value="true">false</useDefaultDelimiters>
</configuration>
[DEBUG] -----------------------------------------------------------------------
[DEBUG] Goal:          org.apache.maven.plugins:maven-compiler-plugin:3.14.0:testCompile (default-testCompile)
[DEBUG] Style:         Regular
[DEBUG] Configuration: <?xml version="1.0" encoding="UTF-8"?>
<configuration>
  <annotationProcessorPathsUseDepMgmt default-value="false"/>
  <basedir default-value="${basedir}"/>
  <buildDirectory default-value="${project.build.directory}"/>
  <compileSourceRoots default-value="${project.testCompileSourceRoots}"/>
  <compilerId default-value="javac">${maven.compiler.compilerId}</compilerId>
  <compilerReuseStrategy default-value="${reuseCreated}">${maven.compiler.compilerReuseStrategy}</compilerReuseStrategy>
  <compilerVersion>${maven.compiler.compilerVersion}</compilerVersion>
  <createMissingPackageInfoClass default-value="true">${maven.compiler.createMissingPackageInfoClass}</createMissingPackageInfoClass>
  <debug default-value="true">${maven.compiler.debug}</debug>
  <debugFileName default-value="javac-test"/>
  <debuglevel>${maven.compiler.debuglevel}</debuglevel>
  <enablePreview default-value="false">${maven.compiler.enablePreview}</enablePreview>
  <encoding default-value="${project.build.sourceEncoding}">${encoding}</encoding>
  <executable>${maven.compiler.executable}</executable>
  <failOnError default-value="true">${maven.compiler.failOnError}</failOnError>
  <failOnWarning default-value="false">${maven.compiler.failOnWarning}</failOnWarning>
  <fileExtensions default-value="class,jar"/>
  <forceJavacCompilerUse default-value="false">${maven.compiler.forceJavacCompilerUse}</forceJavacCompilerUse>
  <forceLegacyJavacApi default-value="false">${maven.compiler.forceLegacyJavacApi}</forceLegacyJavacApi>
  <fork default-value="false">${maven.compiler.fork}</fork>
  <generatedTestSourcesDirectory default-value="${project.build.directory}/generated-test-sources/test-annotations"/>
  <implicit>${maven.compiler.implicit}</implicit>
  <maxmem>${maven.compiler.maxmem}</maxmem>
  <meminitial>${maven.compiler.meminitial}</meminitial>
  <mojoExecution default-value="${mojoExecution}"/>
  <optimize default-value="false">${maven.compiler.optimize}</optimize>
  <outputDirectory default-value="${project.build.testOutputDirectory}"/>
  <outputTimestamp default-value="${project.build.outputTimestamp}"/>
  <parameters default-value="false">true</parameters>
  <proc>${maven.compiler.proc}</proc>
  <project default-value="${project}"/>
  <release>${maven.compiler.release}</release>
  <session default-value="${session}"/>
  <showCompilationChanges default-value="false">${maven.compiler.showCompilationChanges}</showCompilationChanges>
  <showDeprecation default-value="false">${maven.compiler.showDeprecation}</showDeprecation>
  <showWarnings default-value="true">${maven.compiler.showWarnings}</showWarnings>
  <skip>${maven.test.skip}</skip>
  <skipMultiThreadWarning default-value="false">${maven.compiler.skipMultiThreadWarning}</skipMultiThreadWarning>
  <source default-value="1.8">${maven.compiler.source}</source>
  <staleMillis default-value="0">${lastModGranularityMs}</staleMillis>
  <target default-value="1.8">${maven.compiler.target}</target>
  <testPath default-value="${project.testClasspathElements}"/>
  <testRelease>${maven.compiler.testRelease}</testRelease>
  <testSource>${maven.compiler.testSource}</testSource>
  <testTarget>${maven.compiler.testTarget}</testTarget>
  <useIncrementalCompilation default-value="true">${maven.compiler.useIncrementalCompilation}</useIncrementalCompilation>
  <useModulePath default-value="true"/>
  <verbose default-value="false">${maven.compiler.verbose}</verbose>
</configuration>
[DEBUG] -----------------------------------------------------------------------
[DEBUG] Goal:          org.apache.maven.plugins:maven-surefire-plugin:3.5.4:test (default-test)
[DEBUG] Style:         Regular
[DEBUG] Configuration: <?xml version="1.0" encoding="UTF-8"?>
<configuration>
  <additionalClasspathDependencies>${maven.test.additionalClasspathDependencies}</additionalClasspathDependencies>
  <additionalClasspathElements>${maven.test.additionalClasspath}</additionalClasspathElements>
  <argLine>${argLine}</argLine>
  <basedir default-value="${basedir}"/>
  <childDelegation default-value="false">${childDelegation}</childDelegation>
  <classesDirectory default-value="${project.build.outputDirectory}"/>
  <classpathDependencyExcludes>${maven.test.dependency.excludes}</classpathDependencyExcludes>
  <debugForkedProcess>${maven.surefire.debug}</debugForkedProcess>
  <dependenciesToScan>${dependenciesToScan}</dependenciesToScan>
  <disableXmlReport>${disableXmlReport}</disableXmlReport>
  <enableAssertions default-value="true">${enableAssertions}</enableAssertions>
  <enableOutErrElements default-value="true">${enableOutErrElements}</enableOutErrElements>
  <enableProcessChecker>${surefire.enableProcessChecker}</enableProcessChecker>
  <enablePropertiesElement default-value="true">${enablePropertiesElement}</enablePropertiesElement>
  <encoding default-value="${project.reporting.outputEncoding}">${surefire.encoding}</encoding>
  <excludeJUnit5Engines>${surefire.excludeJUnit5Engines}</excludeJUnit5Engines>
  <excludedEnvironmentVariables>${surefire.excludedEnvironmentVariables}</excludedEnvironmentVariables>
  <excludedGroups>${excludedGroups}</excludedGroups>
  <excludes>${surefire.excludes}</excludes>
  <excludesFile>${surefire.excludesFile}</excludesFile>
  <failIfNoSpecifiedTests default-value="true">${surefire.failIfNoSpecifiedTests}</failIfNoSpecifiedTests>
  <failIfNoTests default-value="false">${failIfNoTests}</failIfNoTests>
  <failOnFlakeCount default-value="0">${surefire.failOnFlakeCount}</failOnFlakeCount>
  <forkCount default-value="1">${forkCount}</forkCount>
  <forkNode>${surefire.forkNode}</forkNode>
  <forkedProcessExitTimeoutInSeconds default-value="30">${surefire.exitTimeout}</forkedProcessExitTimeoutInSeconds>
  <forkedProcessTimeoutInSeconds>${surefire.timeout}</forkedProcessTimeoutInSeconds>
  <groups>${groups}</groups>
  <includeJUnit5Engines>${surefire.includeJUnit5Engines}</includeJUnit5Engines>
  <includes>${surefire.includes}</includes>
  <includesFile>${surefire.includesFile}</includesFile>
  <junitArtifactName default-value="junit:junit">${junitArtifactName}</junitArtifactName>
  <jvm>${jvm}</jvm>
  <objectFactory>${objectFactory}</objectFactory>
  <parallel>${parallel}</parallel>
  <parallelMavenExecution default-value="${session.parallel}"/>
  <parallelOptimized default-value="true">${parallelOptimized}</parallelOptimized>
  <parallelTestsTimeoutForcedInSeconds>${surefire.parallel.forcedTimeout}</parallelTestsTimeoutForcedInSeconds>
  <parallelTestsTimeoutInSeconds>${surefire.parallel.timeout}</parallelTestsTimeoutInSeconds>
  <perCoreThreadCount default-value="true">${perCoreThreadCount}</perCoreThreadCount>
  <pluginArtifactMap>${plugin.artifactMap}</pluginArtifactMap>
  <pluginDescriptor default-value="${plugin}"/>
  <printSummary default-value="true">${surefire.printSummary}</printSummary>
  <project default-value="${project}"/>
  <projectArtifactMap>${project.artifactMap}</projectArtifactMap>
  <projectBuildDirectory default-value="${project.build.directory}"/>
  <promoteUserPropertiesToSystemProperties default-value="true"/>
  <redirectTestOutputToFile default-value="false">${maven.test.redirectTestOutputToFile}</redirectTestOutputToFile>
  <reportFormat default-value="brief">${surefire.reportFormat}</reportFormat>
  <reportNameSuffix default-value="">${surefire.reportNameSuffix}</reportNameSuffix>
  <reportsDirectory default-value="${project.build.directory}/surefire-reports"/>
  <rerunFailingTestsCount default-value="0">${surefire.rerunFailingTestsCount}</rerunFailingTestsCount>
  <reuseForks default-value="true">${reuseForks}</reuseForks>
  <runOrder default-value="filesystem">${surefire.runOrder}</runOrder>
  <runOrderRandomSeed>${surefire.runOrder.random.seed}</runOrderRandomSeed>
  <session default-value="${session}"/>
  <shutdown default-value="exit">${surefire.shutdown}</shutdown>
  <skip default-value="false">${maven.test.skip}</skip>
  <skipAfterFailureCount default-value="0">${surefire.skipAfterFailureCount}</skipAfterFailureCount>
  <skipExec>${maven.test.skip.exec}</skipExec>
  <skipTests default-value="false">${skipTests}</skipTests>
  <suiteXmlFiles>${surefire.suiteXmlFiles}</suiteXmlFiles>
  <systemPropertiesFile>${surefire.systemPropertiesFile}</systemPropertiesFile>
  <tempDir default-value="surefire">${tempDir}</tempDir>
  <test>${test}</test>
  <testClassesDirectory default-value="${project.build.testOutputDirectory}"/>
  <testFailureIgnore default-value="false">${maven.test.failure.ignore}</testFailureIgnore>
  <testNGArtifactName default-value="org.testng:testng">${testNGArtifactName}</testNGArtifactName>
  <testSourceDirectory default-value="${project.build.testSourceDirectory}"/>
  <threadCount>${threadCount}</threadCount>
  <threadCountClasses default-value="0">${threadCountClasses}</threadCountClasses>
  <threadCountMethods default-value="0">${threadCountMethods}</threadCountMethods>
  <threadCountSuites default-value="0">${threadCountSuites}</threadCountSuites>
  <trimStackTrace default-value="false">${trimStackTrace}</trimStackTrace>
  <useFile default-value="true">${surefire.useFile}</useFile>
  <useManifestOnlyJar default-value="true">${surefire.useManifestOnlyJar}</useManifestOnlyJar>
  <useModulePath default-value="true">${surefire.useModulePath}</useModulePath>
  <useSystemClassLoader default-value="true">${surefire.useSystemClassLoader}</useSystemClassLoader>
  <useUnlimitedThreads default-value="false">${useUnlimitedThreads}</useUnlimitedThreads>
  <workingDirectory>${basedir}</workingDirectory>
</configuration>
[DEBUG] =======================================================================
[DEBUG] Dependency collection stats {ConflictMarker.analyzeTime=769400, ConflictMarker.markTime=292300, ConflictMarker.nodeCount=142, ConflictIdSorter.graphTime=381300, ConflictIdSorter.topsortTime=245100, ConflictIdSorter.conflictIdCount=76, ConflictIdSorter.conflictIdCycleCount=0, ConflictResolver.totalTime=5526700, ConflictResolver.conflictItemCount=141, DfDependencyCollector.collectTime=325035000, DfDependencyCollector.transformTime=8412600}
[DEBUG] com.asml.analytics:opo-monitoring-bff:jar:0.1.0
[DEBUG]    org.springframework.boot:spring-boot-starter-web:jar:3.5.6:compile
[DEBUG]       org.springframework.boot:spring-boot-starter:jar:3.5.6:compile (version managed from 3.5.6)
[DEBUG]          org.springframework.boot:spring-boot:jar:3.5.6:compile (version managed from 3.5.6)
[DEBUG]          org.springframework.boot:spring-boot-autoconfigure:jar:3.5.6:compile (version managed from 3.5.6)
[DEBUG]          org.springframework.boot:spring-boot-starter-logging:jar:3.5.6:compile (version managed from 3.5.6)
[DEBUG]             ch.qos.logback:logback-classic:jar:1.5.18:compile (version managed from 1.5.18)
[DEBUG]                ch.qos.logback:logback-core:jar:1.5.18:compile (version managed from 1.5.18)
[DEBUG]             org.apache.logging.log4j:log4j-to-slf4j:jar:2.24.3:compile (version managed from 2.24.3)
[DEBUG]                org.apache.logging.log4j:log4j-api:jar:2.24.3:compile (version managed from 2.24.3)
[DEBUG]             org.slf4j:jul-to-slf4j:jar:2.0.17:compile (version managed from 2.0.17)
[DEBUG]          jakarta.annotation:jakarta.annotation-api:jar:2.1.1:compile (version managed from 2.1.1)
[DEBUG]          org.yaml:snakeyaml:jar:2.4:compile (version managed from 2.4)
[DEBUG]       org.springframework.boot:spring-boot-starter-json:jar:3.5.6:compile (version managed from 3.5.6)
[DEBUG]          com.fasterxml.jackson.core:jackson-databind:jar:2.19.2:compile (version managed from 2.19.2)
[DEBUG]             com.fasterxml.jackson.core:jackson-annotations:jar:2.19.2:compile (version managed from 2.19.2)
[DEBUG]             com.fasterxml.jackson.core:jackson-core:jar:2.19.2:compile (version managed from 2.19.2)
[DEBUG]          com.fasterxml.jackson.datatype:jackson-datatype-jdk8:jar:2.19.2:compile (version managed from 2.19.2)
[DEBUG]          com.fasterxml.jackson.datatype:jackson-datatype-jsr310:jar:2.19.2:compile (version managed from 2.19.2)
[DEBUG]          com.fasterxml.jackson.module:jackson-module-parameter-names:jar:2.19.2:compile (version managed from 2.19.2)
[DEBUG]       org.springframework.boot:spring-boot-starter-tomcat:jar:3.5.6:compile (version managed from 3.5.6)
[DEBUG]          org.apache.tomcat.embed:tomcat-embed-core:jar:10.1.46:compile (version managed from 10.1.46)
[DEBUG]          org.apache.tomcat.embed:tomcat-embed-websocket:jar:10.1.46:compile (version managed from 10.1.46)
[DEBUG]       org.springframework:spring-web:jar:6.2.11:compile (version managed from 6.2.11)
[DEBUG]          org.springframework:spring-beans:jar:6.2.11:compile (version managed from 6.2.11)
[DEBUG]       org.springframework:spring-webmvc:jar:6.2.11:compile (version managed from 6.2.11)
[DEBUG]          org.springframework:spring-aop:jar:6.2.11:compile (version managed from 6.2.11)
[DEBUG]          org.springframework:spring-context:jar:6.2.11:compile (version managed from 6.2.11)
[DEBUG]          org.springframework:spring-expression:jar:6.2.11:compile (version managed from 6.2.11)
[DEBUG]    org.springframework.boot:spring-boot-starter-validation:jar:3.5.6:compile
[DEBUG]       org.apache.tomcat.embed:tomcat-embed-el:jar:10.1.46:compile (version managed from 10.1.46)
[DEBUG]       org.hibernate.validator:hibernate-validator:jar:8.0.3.Final:compile (version managed from 8.0.3.Final)
[DEBUG]          jakarta.validation:jakarta.validation-api:jar:3.0.2:compile (version managed from 3.0.2)
[DEBUG]          org.jboss.logging:jboss-logging:jar:3.6.1.Final:compile (version managed from 3.4.3.Final)
[DEBUG]          com.fasterxml:classmate:jar:1.7.0:compile (version managed from 1.5.1)
[DEBUG]    org.springframework.boot:spring-boot-starter-actuator:jar:3.5.6:compile
[DEBUG]       org.springframework.boot:spring-boot-actuator-autoconfigure:jar:3.5.6:compile (version managed from 3.5.6)
[DEBUG]          org.springframework.boot:spring-boot-actuator:jar:3.5.6:compile (version managed from 3.5.6)
[DEBUG]       io.micrometer:micrometer-observation:jar:1.15.4:compile (version managed from 1.15.4)
[DEBUG]          io.micrometer:micrometer-commons:jar:1.15.4:compile (version managed from 1.15.4)
[DEBUG]       io.micrometer:micrometer-jakarta9:jar:1.15.4:compile (version managed from 1.15.4)
[DEBUG]          io.micrometer:micrometer-core:jar:1.15.4:compile (version managed from 1.15.4)
[DEBUG]             org.hdrhistogram:HdrHistogram:jar:2.2.2:runtime
[DEBUG]             org.latencyutils:LatencyUtils:jar:2.0.3:runtime
[DEBUG]    org.springframework.boot:spring-boot-configuration-processor:jar:3.5.6:compile (optional)
[DEBUG]    org.springframework.boot:spring-boot-starter-test:jar:3.5.6:test
[DEBUG]       org.springframework.boot:spring-boot-test:jar:3.5.6:test (version managed from 3.5.6)
[DEBUG]       org.springframework.boot:spring-boot-test-autoconfigure:jar:3.5.6:test (version managed from 3.5.6)
[DEBUG]       com.jayway.jsonpath:json-path:jar:2.9.0:test (version managed from 2.9.0)
[DEBUG]          org.slf4j:slf4j-api:jar:2.0.17:compile (version managed from 2.0.11)
[DEBUG]       jakarta.xml.bind:jakarta.xml.bind-api:jar:4.0.2:test (version managed from 4.0.2)
[DEBUG]          jakarta.activation:jakarta.activation-api:jar:2.1.4:test (version managed from 2.1.3)
[DEBUG]       net.minidev:json-smart:jar:2.5.2:test (version managed from 2.5.2)
[DEBUG]          net.minidev:accessors-smart:jar:2.5.2:test
[DEBUG]             org.ow2.asm:asm:jar:9.7.1:test
[DEBUG]       org.assertj:assertj-core:jar:3.27.4:test (version managed from 3.27.4)
[DEBUG]          net.bytebuddy:byte-buddy:jar:1.17.7:test (version managed from 1.15.11)
[DEBUG]       org.awaitility:awaitility:jar:4.2.2:test (version managed from 4.2.2)
[DEBUG]       org.hamcrest:hamcrest:jar:3.0:test (version managed from 3.0)
[DEBUG]       org.junit.jupiter:junit-jupiter:jar:5.12.2:test (version managed from 5.12.2)
[DEBUG]          org.junit.jupiter:junit-jupiter-api:jar:5.12.2:test (version managed from 5.12.2)
[DEBUG]             org.opentest4j:opentest4j:jar:1.3.0:test
[DEBUG]             org.junit.platform:junit-platform-commons:jar:1.12.2:test (version managed from 1.12.2)
[DEBUG]             org.apiguardian:apiguardian-api:jar:1.1.2:test
[DEBUG]          org.junit.jupiter:junit-jupiter-params:jar:5.12.2:test (version managed from 5.12.2)
[DEBUG]          org.junit.jupiter:junit-jupiter-engine:jar:5.12.2:test (version managed from 5.12.2)
[DEBUG]             org.junit.platform:junit-platform-engine:jar:1.12.2:test (version managed from 1.12.2)
[DEBUG]       org.mockito:mockito-core:jar:5.17.0:test (version managed from 5.17.0)
[DEBUG]          net.bytebuddy:byte-buddy-agent:jar:1.17.7:test (version managed from 1.15.11)
[DEBUG]          org.objenesis:objenesis:jar:3.3:test
[DEBUG]       org.mockito:mockito-junit-jupiter:jar:5.17.0:test (version managed from 5.17.0)
[DEBUG]       org.skyscreamer:jsonassert:jar:1.5.3:test (version managed from 1.5.3)
[DEBUG]          com.vaadin.external.google:android-json:jar:0.0.20131108.vaadin1:test
[DEBUG]       org.springframework:spring-core:jar:6.2.11:compile (version managed from 6.2.11)
[DEBUG]          org.springframework:spring-jcl:jar:6.2.11:compile (version managed from 6.2.11)
[DEBUG]       org.springframework:spring-test:jar:6.2.11:test (version managed from 6.2.11)
[DEBUG]       org.xmlunit:xmlunit-core:jar:2.10.4:test (version managed from 2.10.4)
[INFO] 
[INFO] --- resources:3.3.1:resources (default-resources) @ opo-monitoring-bff ---
[DEBUG] Dependency collection stats {ConflictMarker.analyzeTime=77700, ConflictMarker.markTime=62700, ConflictMarker.nodeCount=13, ConflictIdSorter.graphTime=11100, ConflictIdSorter.topsortTime=10400, ConflictIdSorter.conflictIdCount=9, ConflictIdSorter.conflictIdCycleCount=0, ConflictResolver.totalTime=165900, ConflictResolver.conflictItemCount=13, DfDependencyCollector.collectTime=53154300, DfDependencyCollector.transformTime=347700}
[DEBUG] org.apache.maven.plugins:maven-resources-plugin:jar:3.3.1
[DEBUG]    org.codehaus.plexus:plexus-interpolation:jar:1.26:runtime
[DEBUG]    org.codehaus.plexus:plexus-utils:jar:3.5.1:compile
[DEBUG]    org.apache.maven.shared:maven-filtering:jar:3.3.1:compile
[DEBUG]       javax.inject:javax.inject:jar:1:compile
[DEBUG]       org.slf4j:slf4j-api:jar:1.7.36:compile
[DEBUG]       org.sonatype.plexus:plexus-build-api:jar:0.0.7:compile
[DEBUG]    commons-io:commons-io:jar:2.11.0:compile
[DEBUG]    org.apache.commons:commons-lang3:jar:3.12.0:compile
[DEBUG] Created new class realm plugin>org.apache.maven.plugins:maven-resources-plugin:3.3.1
[DEBUG] Importing foreign packages into class realm plugin>org.apache.maven.plugins:maven-resources-plugin:3.3.1
[DEBUG]   Imported:  < maven.api
[DEBUG] Populating class realm plugin>org.apache.maven.plugins:maven-resources-plugin:3.3.1
[DEBUG]   Included: org.apache.maven.plugins:maven-resources-plugin:jar:3.3.1
[DEBUG]   Included: org.codehaus.plexus:plexus-interpolation:jar:1.26
[DEBUG]   Included: org.codehaus.plexus:plexus-utils:jar:3.5.1
[DEBUG]   Included: org.apache.maven.shared:maven-filtering:jar:3.3.1
[DEBUG]   Included: org.sonatype.plexus:plexus-build-api:jar:0.0.7
[DEBUG]   Included: commons-io:commons-io:jar:2.11.0
[DEBUG]   Included: org.apache.commons:commons-lang3:jar:3.12.0
[DEBUG] Loading mojo org.apache.maven.plugins:maven-resources-plugin:3.3.1:resources from plugin realm ClassRealm[plugin>org.apache.maven.plugins:maven-resources-plugin:3.3.1, parent: jdk.internal.loader.ClassLoaders$AppClassLoader@105be200]
[DEBUG] Configuring mojo execution 'org.apache.maven.plugins:maven-resources-plugin:3.3.1:resources:default-resources' with basic configurator -->
[DEBUG]   (f) addDefaultExcludes = true
[DEBUG]   (f) buildFilters = []
[DEBUG]   (s) delimiters = [@]
[DEBUG]   (f) encoding = UTF-8
[DEBUG]   (f) escapeWindowsPaths = true
[DEBUG]   (f) fileNameFiltering = false
[DEBUG]   (s) includeEmptyDirs = false
[DEBUG]   (s) outputDirectory = D:\code\ai_enabled_analytics\ai-enabled-analytics-v3\app-ui\opo-monitoring\target\classes
[DEBUG]   (s) overwrite = false
[DEBUG]   (f) project = MavenProject: com.asml.analytics:opo-monitoring-bff:0.1.0 @ D:\code\ai_enabled_analytics\ai-enabled-analytics-v3\app-ui\opo-monitoring\pom.xml
[DEBUG]   (f) propertiesEncoding = UTF-8
[DEBUG]   (s) resources = [Resource {targetPath: null, filtering: true, FileSet {directory: D:\code\ai_enabled_analytics\ai-enabled-analytics-v3\app-ui\opo-monitoring\src\main\resources, PatternSet [includes: {**/application*.yml, **/application*.yaml, **/application*.properties}, excludes: {}]}}, Resource {targetPath: null, filtering: false, FileSet {directory: D:\code\ai_enabled_analytics\ai-enabled-analytics-v3\app-ui\opo-monitoring\src\main\resources, PatternSet [includes: {}, excludes: {**/application*.yml, **/application*.yaml, **/application*.properties}]}}]
[DEBUG]   (f) session = org.apache.maven.execution.MavenSession@7e74a380
[DEBUG]   (f) skip = false
[DEBUG]   (f) supportMultiLineFiltering = false
[DEBUG]   (f) useBuildFilters = true
[DEBUG]   (s) useDefaultDelimiters = false
[DEBUG] -- end configuration --
[DEBUG] properties used:
[DEBUG] activemq.version: 6.1.7
[DEBUG] angus-mail.version: 2.0.4
[DEBUG] artemis.version: 2.40.0
[DEBUG] artifact.repo.url: https://apps-artifactory.asml.com/artifactory/
[DEBUG] aspectj.version: 1.9.24
[DEBUG] assertj.version: 3.27.4
[DEBUG] awaitility.version: 4.2.2
[DEBUG] brave.version: 6.1.0
[DEBUG] build-helper-maven-plugin.version: 3.6.1
[DEBUG] byte-buddy.version: 1.17.7
[DEBUG] cache2k.version: 2.6.1.Final
[DEBUG] caffeine.version: 3.2.2
[DEBUG] cassandra-driver.version: 4.19.0
[DEBUG] classmate.version: 1.7.0
[DEBUG] classworlds.conf: C:/Program Files/apache-maven-3.9.6/bin/m2.conf
[DEBUG] commons-codec.version: 1.18.0
[DEBUG] commons-dbcp2.version: 2.13.0
[DEBUG] commons-lang3.version: 3.17.0
[DEBUG] commons-pool.version: 1.6
[DEBUG] commons-pool2.version: 2.12.1
[DEBUG] couchbase-client.version: 3.8.3
[DEBUG] crac.version: 1.5.0
[DEBUG] cyclonedx-maven-plugin.version: 2.9.1
[DEBUG] db2-jdbc.version: 12.1.2.0
[DEBUG] dependency-management-plugin.version: 1.1.7
[DEBUG] derby.version: 10.16.1.1
[DEBUG] ehcache3.version: 3.10.9
[DEBUG] elasticsearch-client.version: 8.18.6
[DEBUG] env.ACLOCAL_PATH: C:\Program Files\Git\mingw64\share\aclocal;C:\Program Files\Git\usr\share\aclocal
[DEBUG] env.ALLUSERSPROFILE: C:\ProgramData
[DEBUG] env.APPDATA: C:\Users\gkalia\AppData\Roaming
[DEBUG] env.CHOCOLATEYINSTALL: C:\ProgramData\chocolatey
[DEBUG] env.CHOCOLATEYLASTPATHUPDATE: 133916067963572167
[DEBUG] env.COMMONPROGRAMFILES: C:\Program Files\Common Files
[DEBUG] env.COMMONPROGRAMFILES(X86): C:\Program Files (x86)\Common Files
[DEBUG] env.COMMONPROGRAMW6432: C:\Program Files\Common Files
[DEBUG] env.COMPUTERNAME: VD012268
[DEBUG] env.COMSPEC: C:\WINDOWS\system32\cmd.exe
[DEBUG] env.CONFIG_SITE: C:/Program Files/Git/mingw64/etc/config.site
[DEBUG] env.DISPLAY: needs-to-be-defined
[DEBUG] env.DRIVERDATA: C:\Windows\System32\Drivers\DriverData
[DEBUG] env.EXEPATH: C:\Program Files\Git\bin
[DEBUG] env.FMS_HOME: C:\Programs\Siemens\TC2412\tccs
[DEBUG] env.FOSS_REPOSITORY_HOME: C:\Programs\Siemens\TC2412\fossrepo
[DEBUG] env.HADOOP_HOME: D:\hadoop\hadoop-3.4.1
[DEBUG] env.HOME: C:\Users\gkalia
[DEBUG] env.HOMEDRIVE: C:
[DEBUG] env.HOMEPATH: \Users\gkalia
[DEBUG] env.HOSTNAME: VD012268
[DEBUG] env.INFOPATH: C:\Program Files\Git\usr\local\info;C:\Program Files\Git\usr\share\info;C:\Program Files\Git\usr\info;C:\Program Files\Git\share\info
[DEBUG] env.JAVA_HOME: C:/Program Files/Java/jdk-25.0.1
[DEBUG] env.JAVA_HOME_21: C:\Program Files\Microsoft\jdk-21.0.9.10-hotspot
[DEBUG] env.JENKINS_HOME: C:\Localdata\Jenkins
[DEBUG] env.LANG: en_US.UTF-8
[DEBUG] env.LOCALAPPDATA: C:\Users\gkalia\AppData\Local
[DEBUG] env.LOGONSERVER: \\NLHTCA52
[DEBUG] env.MANPATH: C:\Program Files\Git\mingw64\local\man;C:\Program Files\Git\mingw64\share\man;C:\Program Files\Git\usr\local\man;C:\Program Files\Git\usr\share\man;C:\Program Files\Git\usr\man;C:\Program Files\Git\share\man
[DEBUG] env.MAVEN_CMD_LINE_ARGS:  -s /c/Users/gkalia/.m2/settings.xml -U -X test
[DEBUG] env.MAVEN_PROJECTBASEDIR: D:/code/ai_enabled_analytics/ai-enabled-analytics-v3/app-ui/opo-monitoring
[DEBUG] env.MINGW_CHOST: x86_64-w64-mingw32
[DEBUG] env.MINGW_PACKAGE_PREFIX: mingw-w64-x86_64
[DEBUG] env.MINGW_PREFIX: C:/Program Files/Git/mingw64
[DEBUG] env.MSYSTEM: MINGW64
[DEBUG] env.MSYSTEM_CARCH: x86_64
[DEBUG] env.MSYSTEM_CHOST: x86_64-w64-mingw32
[DEBUG] env.MSYSTEM_PREFIX: C:/Program Files/Git/mingw64
[DEBUG] env.NUMBER_OF_PROCESSORS: 6
[DEBUG] env.OLDPWD: D:/code/ai_enabled_analytics/ai-enabled-analytics-v3/app-ui/opo-monitoring
[DEBUG] env.ONEDRIVE: C:\Users\gkalia\OneDrive - ASML
[DEBUG] env.ONEDRIVECOMMERCIAL: C:\Users\gkalia\OneDrive - ASML
[DEBUG] env.ORIGINAL_PATH: C:\Program Files\Git\mingw64\bin;C:\Program Files\Git\usr\bin;C:\Users\gkalia\bin;C:\Program Files\Microsoft SDKs\Azure\CLI2\wbin;C:\Program Files\BellSoft\LibericaJDK-8-Full\bin;C:\Program Files\IcedTeaWeb\WebStart\bin;C:\WINDOWS\CCM;D:\hadoop\hadoop-3.4.1\bin;C:\Python312\Scripts;C:\Python312;C:\WINDOWS\system32;C:\WINDOWS;C:\WINDOWS\System32\Wbem;C:\WINDOWS\System32\WindowsPowerShell\v1.0;C:\WINDOWS\System32\OpenSSH;C:\Program Files\Git\cmd;C:\Program Files (x86)\GitExtensions;C:\Program Files\Puppet Labs\Puppet\bin;C:\Program Files (x86)\VSCode\bin;C:\ProgramData\anaconda3\pkgs\pyspark-3.4.1-py311haa95532_0\Lib\site-packages\pyspark\bin;C:\Program Files\Docker\Docker\Resources\bin\kubectl.exe;C:\Program Files\nodejs;C:\ProgramData\chocolatey\bin;C:\Program Files\Microsoft VS Code\bin;C:\Python312\Scripts;C:\Program Files\apache-maven-3.9.6\bin;C:\Program Files\PuTTY;C:\WINDOWS\system32\config\systemprofile\AppData\Local\Microsoft\WindowsApps;C:\Programs\Siemens\TC2412\OfficeClient;C:\Program Files\Rancher Desktop\resources\resources\win32\bin;C:\Program Files\Rancher Desktop\resources\resources\win32\docker-cli-plugins;C:\Program Files\Rancher Desktop\resources\resources\linux\bin;C:\Program Files\Rancher Desktop\resources\resources\linux\docker-cli-plugins;C:\Program Files\BellSoft\LibericaJDK-8-Full\bin;C:\Users\gkalia\AppData\Local\Microsoft\WindowsApps;C:\Users\gkalia\AppData\Roaming\npm;C:\Python312\Scripts;C:\Program Files\apache-maven-3.9.6\bin;C:\Users\gkalia\code\iperf3;C:\Program Files (x86)\Nmap;D:\hadoop\hadoop-3.4.1\bin;C:\Program Files\Docker\Docker\resources\bin;C:\Users\gkalia\AppData\Local\Programs\Podman
[DEBUG] env.ORIGINAL_TEMP: C:/Users/gkalia/AppData/Local/Temp
[DEBUG] env.ORIGINAL_TMP: C:/Users/gkalia/AppData/Local/Temp
[DEBUG] env.OS: Windows_NT
[DEBUG] env.PATH: C:\Program Files\Java\jdk-25.0.1\bin;C:\Program Files\Java\jdk-25.0.1\bin;C:\Program Files\Java\jdk-25.0.1\bin;C:\Users\gkalia\bin;C:\Program Files\Git\mingw64\bin;C:\Program Files\Git\usr\local\bin;C:\Program Files\Git\usr\bin;C:\Program Files\Git\usr\bin;C:\Program Files\Git\mingw64\bin;C:\Program Files\Git\usr\bin;C:\Users\gkalia\bin;C:\Program Files\Microsoft SDKs\Azure\CLI2\wbin;C:\Program Files\BellSoft\LibericaJDK-8-Full\bin;C:\Program Files\IcedTeaWeb\WebStart\bin;C:\WINDOWS\CCM;D:\hadoop\hadoop-3.4.1\bin;C:\Python312\Scripts;C:\Python312;C:\WINDOWS\system32;C:\WINDOWS;C:\WINDOWS\System32\Wbem;C:\WINDOWS\System32\WindowsPowerShell\v1.0;C:\WINDOWS\System32\OpenSSH;C:\Program Files\Git\cmd;C:\Program Files (x86)\GitExtensions;C:\Program Files\Puppet Labs\Puppet\bin;C:\Program Files (x86)\VSCode\bin;C:\ProgramData\anaconda3\pkgs\pyspark-3.4.1-py311haa95532_0\Lib\site-packages\pyspark\bin;C:\Program Files\Docker\Docker\Resources\bin\kubectl.exe;C:\Program Files\nodejs;C:\ProgramData\chocolatey\bin;C:\Program Files\Microsoft VS Code\bin;C:\Python312\Scripts;C:\Program Files\apache-maven-3.9.6\bin;C:\Program Files\PuTTY;C:\WINDOWS\system32\config\systemprofile\AppData\Local\Microsoft\WindowsApps;C:\Programs\Siemens\TC2412\OfficeClient;C:\Program Files\Rancher Desktop\resources\resources\win32\bin;C:\Program Files\Rancher Desktop\resources\resources\win32\docker-cli-plugins;C:\Program Files\Rancher Desktop\resources\resources\linux\bin;C:\Program Files\Rancher Desktop\resources\resources\linux\docker-cli-plugins;C:\Program Files\BellSoft\LibericaJDK-8-Full\bin;C:\Users\gkalia\AppData\Local\Microsoft\WindowsApps;C:\Users\gkalia\AppData\Roaming\npm;C:\Python312\Scripts;C:\Program Files\apache-maven-3.9.6\bin;C:\Users\gkalia\code\iperf3;C:\Program Files (x86)\Nmap;D:\hadoop\hadoop-3.4.1\bin;C:\Program Files\Docker\Docker\resources\bin;C:\Users\gkalia\AppData\Local\Programs\Podman;C:\Program Files\Git\usr\bin\vendor_perl;C:\Program Files\Git\usr\bin\core_perl
[DEBUG] env.PATHEXT: .COM;.EXE;.BAT;.CMD;.VBS;.VBE;.JS;.JSE;.WSF;.WSH;.MSC;.PY;.PYW
[DEBUG] env.PKG_CONFIG_PATH: C:\Program Files\Git\mingw64\lib\pkgconfig;C:\Program Files\Git\mingw64\share\pkgconfig
[DEBUG] env.PLINK_PROTOCOL: ssh
[DEBUG] env.PROCESSOR_ARCHITECTURE: AMD64
[DEBUG] env.PROCESSOR_IDENTIFIER: AMD64 Family 25 Model 17 Stepping 1, AuthenticAMD
[DEBUG] env.PROCESSOR_LEVEL: 25
[DEBUG] env.PROCESSOR_REVISION: 1101
[DEBUG] env.PROGRAMDATA: C:\ProgramData
[DEBUG] env.PROGRAMFILES: C:\Program Files
[DEBUG] env.PROGRAMFILES(X86): C:\Program Files (x86)
[DEBUG] env.PROGRAMW6432: C:\Program Files
[DEBUG] env.PSMODULEPATH: C:\Program Files\WindowsPowerShell\Modules;C:\WINDOWS\system32\WindowsPowerShell\v1.0\Modules;C:\Program Files (x86)\Microsoft Azure Information Protection\Powershell;C:\Program Files\Citrix\Telemetry Service\
[DEBUG] env.PUBLIC: C:\Users\Public
[DEBUG] env.PWD: D:/code/ai_enabled_analytics/ai-enabled-analytics-v3/app-ui/opo-monitoring
[DEBUG] env.SECUDIR: \\asml.com\eu\applications\sap\Saplogon\Configuration\SECUDIR
[DEBUG] env.SESSIONNAME: Console
[DEBUG] env.SHELL: C:\Program Files\Git\usr\bin\bash.exe
[DEBUG] env.SHLVL: 1
[DEBUG] env.SNC_LIB: C:\Program Files (x86)\SAP\FrontEnd\SecureLogin\lib\sapcrypto.dll
[DEBUG] env.SNC_LIB_64: C:\Program Files\SAP\FrontEnd\SecureLogin\lib\sapcrypto.dll
[DEBUG] env.SSF_LIBRARY_PATH: C:\Program Files (x86)\SAP\FrontEnd\SecureLogin\lib\sapcrypto.dll
[DEBUG] env.SSF_LIBRARY_PATH_64: C:\Program Files\SAP\FrontEnd\SecureLogin\lib\sapcrypto.dll
[DEBUG] env.SSH_ASKPASS: C:/Program Files/Git/mingw64/libexec/git-core/git-gui--askpass
[DEBUG] env.SYSTEMDRIVE: C:
[DEBUG] env.SYSTEMROOT: C:\WINDOWS
[DEBUG] env.TCSSO_SESSION_AGENT_PATH: C:\Programs\Siemens\TC2412\SecurityServicesSA
[DEBUG] env.TCVIS_CLUSTER_PATH: C:\Programs\Siemens\TCVIS2412\Products\Professional\VisView.exe
[DEBUG] env.TCVIS_ENABLE_RIBBONS: True
[DEBUG] env.TC_ROOT: C:\Programs\Siemens\TC2412
[DEBUG] env.TEMP: C:\Users\gkalia\AppData\Local\Temp
[DEBUG] env.TERM: xterm-256color
[DEBUG] env.TMP: C:\Users\gkalia\AppData\Local\Temp
[DEBUG] env.TMPDIR: C:\Users\gkalia\AppData\Local\Temp
[DEBUG] env.UATDATA: C:\WINDOWS\CCM\UATData\D9F8C395-CAB8-491d-B8AC-179A1FE1BE77
[DEBUG] env.USERDNSDOMAIN: ASML.COM
[DEBUG] env.USERDOMAIN: ASML-COM
[DEBUG] env.USERDOMAIN_ROAMINGPROFILE: ASML-COM
[DEBUG] env.USERNAME: gkalia
[DEBUG] env.USERPROFILE: C:\Users\gkalia
[DEBUG] env.WINDIR: C:\WINDOWS
[DEBUG] env.WSLENV: WT_SESSION:WT_PROFILE_ID:
[DEBUG] env.WT_PROFILE_ID: {111c41d4-6bc2-470d-bdd4-2528a6e03a46}
[DEBUG] env.WT_SESSION: 1f3d197b-2f8a-44ab-ac47-38de3ff2a80d
[DEBUG] file.encoding: UTF-8
[DEBUG] file.separator: \
[DEBUG] flyway.version: 11.7.2
[DEBUG] freemarker.version: 2.3.34
[DEBUG] git-commit-id-maven-plugin.version: 9.0.2
[DEBUG] glassfish-jaxb.version: 4.0.5
[DEBUG] glassfish-jstl.version: 3.0.1
[DEBUG] graphql-java.version: 24.1
[DEBUG] groovy.version: 4.0.28
[DEBUG] gson.version: 2.13.2
[DEBUG] h2.version: 2.3.232
[DEBUG] hamcrest.version: 3.0
[DEBUG] hazelcast.version: 5.5.0
[DEBUG] hibernate-validator.version: 8.0.3.Final
[DEBUG] hibernate.version: 6.6.29.Final
[DEBUG] hikaricp.version: 6.3.3
[DEBUG] hsqldb.version: 2.7.3
[DEBUG] htmlunit.version: 4.11.1
[DEBUG] httpasyncclient.version: 4.1.5
[DEBUG] httpclient5.version: 5.5
[DEBUG] httpcore.version: 4.4.16
[DEBUG] httpcore5.version: 5.3.5
[DEBUG] infinispan.version: 15.2.6.Final
[DEBUG] influxdb-java.version: 2.25
[DEBUG] jackson-bom.version: 2.19.2
[DEBUG] jakarta-activation.version: 2.1.4
[DEBUG] jakarta-annotation.version: 2.1.1
[DEBUG] jakarta-inject.version: 2.0.1
[DEBUG] jakarta-jms.version: 3.1.0
[DEBUG] jakarta-json-bind.version: 3.0.1
[DEBUG] jakarta-json.version: 2.1.3
[DEBUG] jakarta-mail.version: 2.1.4
[DEBUG] jakarta-management.version: 1.1.4
[DEBUG] jakarta-persistence.version: 3.1.0
[DEBUG] jakarta-servlet-jsp-jstl.version: 3.0.2
[DEBUG] jakarta-servlet.version: 6.0.0
[DEBUG] jakarta-transaction.version: 2.0.1
[DEBUG] jakarta-validation.version: 3.0.2
[DEBUG] jakarta-websocket.version: 2.1.1
[DEBUG] jakarta-ws-rs.version: 3.1.0
[DEBUG] jakarta-xml-bind.version: 4.0.2
[DEBUG] jakarta-xml-soap.version: 3.0.2
[DEBUG] jakarta-xml-ws.version: 4.0.2
[DEBUG] janino.version: 3.1.12
[DEBUG] java.class.path: C:/Program Files/apache-maven-3.9.6/boot/plexus-classworlds-2.7.0.jar
[DEBUG] java.class.version: 69.0
[DEBUG] java.home: C:\Program Files\Java\jdk-25.0.1
[DEBUG] java.io.tmpdir: C:\Users\gkalia\AppData\Local\Temp\
[DEBUG] java.library.path: C:\Program Files\Java\jdk-25.0.1\bin;C:\WINDOWS\Sun\Java\bin;C:\WINDOWS\system32;C:\WINDOWS;C:\Program Files\Java\jdk-25.0.1\bin;C:\Program Files\Java\jdk-25.0.1\bin;C:\Program Files\Java\jdk-25.0.1\bin;C:\Users\gkalia\bin;C:\Program Files\Git\mingw64\bin;C:\Program Files\Git\usr\local\bin;C:\Program Files\Git\usr\bin;C:\Program Files\Git\usr\bin;C:\Program Files\Git\mingw64\bin;C:\Program Files\Git\usr\bin;C:\Users\gkalia\bin;C:\Program Files\Microsoft SDKs\Azure\CLI2\wbin;C:\Program Files\BellSoft\LibericaJDK-8-Full\bin;C:\Program Files\IcedTeaWeb\WebStart\bin;C:\WINDOWS\CCM;D:\hadoop\hadoop-3.4.1\bin;C:\Python312\Scripts;C:\Python312;C:\WINDOWS\system32;C:\WINDOWS;C:\WINDOWS\System32\Wbem;C:\WINDOWS\System32\WindowsPowerShell\v1.0;C:\WINDOWS\System32\OpenSSH;C:\Program Files\Git\cmd;C:\Program Files (x86)\GitExtensions;C:\Program Files\Puppet Labs\Puppet\bin;C:\Program Files (x86)\VSCode\bin;C:\ProgramData\anaconda3\pkgs\pyspark-3.4.1-py311haa95532_0\Lib\site-packages\pyspark\bin;C:\Program Files\Docker\Docker\Resources\bin\kubectl.exe;C:\Program Files\nodejs;C:\ProgramData\chocolatey\bin;C:\Program Files\Microsoft VS Code\bin;C:\Python312\Scripts;C:\Program Files\apache-maven-3.9.6\bin;C:\Program Files\PuTTY;C:\WINDOWS\system32\config\systemprofile\AppData\Local\Microsoft\WindowsApps;C:\Programs\Siemens\TC2412\OfficeClient;C:\Program Files\Rancher Desktop\resources\resources\win32\bin;C:\Program Files\Rancher Desktop\resources\resources\win32\docker-cli-plugins;C:\Program Files\Rancher Desktop\resources\resources\linux\bin;C:\Program Files\Rancher Desktop\resources\resources\linux\docker-cli-plugins;C:\Program Files\BellSoft\LibericaJDK-8-Full\bin;C:\Users\gkalia\AppData\Local\Microsoft\WindowsApps;C:\Users\gkalia\AppData\Roaming\npm;C:\Python312\Scripts;C:\Program Files\apache-maven-3.9.6\bin;C:\Users\gkalia\code\iperf3;C:\Program Files (x86)\Nmap;D:\hadoop\hadoop-3.4.1\bin;C:\Program Files\Docker\Docker\resources\bin;C:\Users\gkalia\AppData\Local\Programs\Podman;C:\Program Files\Git\usr\bin\vendor_perl;C:\Program Files\Git\usr\bin\core_perl;.
[DEBUG] java.runtime.name: OpenJDK Runtime Environment
[DEBUG] java.runtime.version: 25.0.1+8-27
[DEBUG] java.specification.name: Java Platform API Specification
[DEBUG] java.specification.vendor: Oracle Corporation
[DEBUG] java.specification.version: 25
[DEBUG] java.vendor: Oracle Corporation
[DEBUG] java.vendor.url: https://java.oracle.com/
[DEBUG] java.vendor.url.bug: https://bugreport.java.com/bugreport/
[DEBUG] java.version: 25.0.1
[DEBUG] java.version.date: 2025-10-21
[DEBUG] java.vm.compressedOopsMode: Zero based
[DEBUG] java.vm.info: mixed mode, sharing
[DEBUG] java.vm.name: OpenJDK 64-Bit Server VM
[DEBUG] java.vm.specification.name: Java Virtual Machine Specification
[DEBUG] java.vm.specification.vendor: Oracle Corporation
[DEBUG] java.vm.specification.version: 25
[DEBUG] java.vm.vendor: Oracle Corporation
[DEBUG] java.vm.version: 25.0.1+8-27
[DEBUG] javax-cache.version: 1.1.1
[DEBUG] javax-money.version: 1.1
[DEBUG] jaxen.version: 2.0.0
[DEBUG] jaybird.version: 6.0.3
[DEBUG] jboss-logging.version: 3.6.1.Final
[DEBUG] jdk.debug: release
[DEBUG] jdom2.version: 2.0.6.1
[DEBUG] jedis.version: 6.0.0
[DEBUG] jersey.version: 3.1.11
[DEBUG] jetty-reactive-httpclient.version: 4.0.11
[DEBUG] jetty.version: 12.0.27
[DEBUG] jmustache.version: 1.16
[DEBUG] jooq.version: 3.19.26
[DEBUG] json-path.version: 2.9.0
[DEBUG] json-smart.version: 2.5.2
[DEBUG] jsonassert.version: 1.5.3
[DEBUG] jtds.version: 1.3.1
[DEBUG] junit-jupiter.version: 5.12.2
[DEBUG] junit.version: 4.13.2
[DEBUG] kafka.version: 3.9.1
[DEBUG] kotlin-coroutines.version: 1.8.1
[DEBUG] kotlin-serialization.version: 1.6.3
[DEBUG] kotlin.version: 1.9.25
[DEBUG] lettuce.version: 6.6.0.RELEASE
[DEBUG] library.jansi.path: C:/Program Files/apache-maven-3.9.6/lib/jansi-native
[DEBUG] line.separator: 

[DEBUG] liquibase.version: 4.31.1
[DEBUG] log4j2.version: 2.24.3
[DEBUG] logback.version: 1.5.18
[DEBUG] lombok.version: 1.18.40
[DEBUG] mariadb.version: 3.5.6
[DEBUG] maven-antrun-plugin.version: 3.1.0
[DEBUG] maven-assembly-plugin.version: 3.7.1
[DEBUG] maven-clean-plugin.version: 3.4.1
[DEBUG] maven-compiler-plugin.version: 3.14.0
[DEBUG] maven-dependency-plugin.version: 3.8.1
[DEBUG] maven-deploy-plugin.version: 3.1.4
[DEBUG] maven-enforcer-plugin.version: 3.5.0
[DEBUG] maven-failsafe-plugin.version: 3.5.4
[DEBUG] maven-help-plugin.version: 3.5.1
[DEBUG] maven-install-plugin.version: 3.1.4
[DEBUG] maven-invoker-plugin.version: 3.9.1
[DEBUG] maven-jar-plugin.version: 3.4.2
[DEBUG] maven-javadoc-plugin.version: 3.11.3
[DEBUG] maven-resources-plugin.version: 3.3.1
[DEBUG] maven-shade-plugin.version: 3.6.1
[DEBUG] maven-source-plugin.version: 3.3.1
[DEBUG] maven-surefire-plugin.version: 3.5.4
[DEBUG] maven-war-plugin.version: 3.4.0
[DEBUG] maven.build.timestamp: 2026-09-23T14:20:50Z
[DEBUG] maven.build.version: Apache Maven 3.9.6 (bc0240f3c744dd6b6ec2920b3cd08dcc295161ae)
[DEBUG] maven.compiler.release: 25
[DEBUG] maven.conf: C:/Program Files/apache-maven-3.9.6/conf
[DEBUG] maven.home: C:\Program Files\apache-maven-3.9.6
[DEBUG] maven.multiModuleProjectDirectory: D:/code/ai_enabled_analytics/ai-enabled-analytics-v3/app-ui/opo-monitoring
[DEBUG] maven.version: 3.9.6
[DEBUG] micrometer-tracing.version: 1.5.4
[DEBUG] micrometer.version: 1.15.4
[DEBUG] mockito.version: 5.17.0
[DEBUG] mongodb.version: 5.5.1
[DEBUG] mssql-jdbc.version: 12.10.1.jre11
[DEBUG] mysql.version: 9.4.0
[DEBUG] native-build-tools-plugin.version: 0.10.6
[DEBUG] native.encoding: Cp1252
[DEBUG] nekohtml.version: 1.9.22
[DEBUG] neo4j-java-driver.version: 5.28.9
[DEBUG] netty.version: 4.1.127.Final
[DEBUG] opentelemetry.version: 1.49.0
[DEBUG] oracle-database.version: 23.7.0.25.01
[DEBUG] oracle-r2dbc.version: 1.3.0
[DEBUG] os.arch: amd64
[DEBUG] os.name: Windows 11
[DEBUG] os.version: 10.0
[DEBUG] path.separator: ;
[DEBUG] pooled-jms.version: 3.1.7
[DEBUG] postgresql.version: 42.7.7
[DEBUG] project.baseUri: file:/D:/code/ai_enabled_analytics/ai-enabled-analytics-v3/app-ui/opo-monitoring/
[DEBUG] project.build.sourceEncoding: UTF-8
[DEBUG] project.reporting.outputEncoding: UTF-8
[DEBUG] prometheus-client.version: 1.3.10
[DEBUG] prometheus-simpleclient.version: 0.16.0
[DEBUG] pulsar-reactive.version: 0.6.0
[DEBUG] pulsar.version: 4.0.6
[DEBUG] quartz.version: 2.5.0
[DEBUG] querydsl.version: 5.1.0
[DEBUG] r2dbc-h2.version: 1.0.0.RELEASE
[DEBUG] r2dbc-mariadb.version: 1.3.0
[DEBUG] r2dbc-mssql.version: 1.0.3.RELEASE
[DEBUG] r2dbc-mysql.version: 1.4.1
[DEBUG] r2dbc-pool.version: 1.0.2.RELEASE
[DEBUG] r2dbc-postgresql.version: 1.0.7.RELEASE
[DEBUG] r2dbc-proxy.version: 1.1.6.RELEASE
[DEBUG] r2dbc-spi.version: 1.0.0.RELEASE
[DEBUG] rabbit-amqp-client.version: 5.25.0
[DEBUG] rabbit-stream-client.version: 0.23.0
[DEBUG] reactive-streams.version: 1.0.4
[DEBUG] reactor-bom.version: 2024.0.10
[DEBUG] resource.delimiter: @
[DEBUG] rest-assured.version: 5.5.6
[DEBUG] rsocket.version: 1.1.5
[DEBUG] rxjava3.version: 3.1.11
[DEBUG] saaj-impl.version: 3.0.4
[DEBUG] selenium-htmlunit.version: 4.30.0
[DEBUG] selenium.version: 4.31.0
[DEBUG] sendgrid.version: 4.10.3
[DEBUG] slf4j.version: 2.0.17
[DEBUG] snakeyaml.version: 2.4
[DEBUG] spring-amqp.version: 3.2.7
[DEBUG] spring-authorization-server.version: 1.5.2
[DEBUG] spring-batch.version: 5.2.3
[DEBUG] spring-boot.run.main-class: ${start-class}
[DEBUG] spring-data-bom.version: 2025.0.4
[DEBUG] spring-framework.version: 6.2.11
[DEBUG] spring-graphql.version: 1.4.2
[DEBUG] spring-hateoas.version: 2.5.1
[DEBUG] spring-integration.version: 6.5.2
[DEBUG] spring-kafka.version: 3.3.10
[DEBUG] spring-ldap.version: 3.3.3
[DEBUG] spring-pulsar.version: 1.2.10
[DEBUG] spring-restdocs.version: 3.0.5
[DEBUG] spring-retry.version: 2.0.12
[DEBUG] spring-security.version: 6.5.5
[DEBUG] spring-session.version: 3.5.2
[DEBUG] spring-ws.version: 4.1.1
[DEBUG] sqlite-jdbc.version: 3.49.1.0
[DEBUG] stderr.encoding: Cp1252
[DEBUG] stdin.encoding: cp437
[DEBUG] stdout.encoding: Cp1252
[DEBUG] sun.arch.data.model: 64
[DEBUG] sun.boot.library.path: C:\Program Files\Java\jdk-25.0.1\bin
[DEBUG] sun.cpu.endian: little
[DEBUG] sun.cpu.isalist: amd64
[DEBUG] sun.io.unicode.encoding: UnicodeLittle
[DEBUG] sun.java.command: org.codehaus.plexus.classworlds.launcher.Launcher -s C:/Users/gkalia/.m2/settings.xml -U -X test
[DEBUG] sun.java.launcher: SUN_STANDARD
[DEBUG] sun.jnu.encoding: Cp1252
[DEBUG] sun.management.compiler: HotSpot 64-Bit Tiered Compilers
[DEBUG] sun.os.patch.level: 
[DEBUG] testcontainers-redis-module.version: 2.2.4
[DEBUG] testcontainers.version: 1.21.3
[DEBUG] thymeleaf-extras-data-attribute.version: 2.0.1
[DEBUG] thymeleaf-extras-springsecurity.version: 3.1.3.RELEASE
[DEBUG] thymeleaf-layout-dialect.version: 3.4.0
[DEBUG] thymeleaf.version: 3.1.3.RELEASE
[DEBUG] tomcat.version: 10.1.46
[DEBUG] unboundid-ldapsdk.version: 7.0.3
[DEBUG] undertow.version: 2.3.19.Final
[DEBUG] user.country: US
[DEBUG] user.dir: D:\code\ai_enabled_analytics\ai-enabled-analytics-v3\app-ui\opo-monitoring
[DEBUG] user.home: C:\Users\gkalia
[DEBUG] user.language: en
[DEBUG] user.name: gkalia
[DEBUG] user.script: 
[DEBUG] user.variant: 
[DEBUG] versions-maven-plugin.version: 2.18.0
[DEBUG] vibur.version: 26.0
[DEBUG] webjars-locator-core.version: 0.59
[DEBUG] webjars-locator-lite.version: 1.1.0
[DEBUG] wsdl4j.version: 1.6.3
[DEBUG] xml-maven-plugin.version: 1.1.0
[DEBUG] xmlunit2.version: 2.10.4
[DEBUG] yasson.version: 3.0.4
[DEBUG] zipkin-reporter.version: 3.5.1
[DEBUG] Using 'UTF-8' encoding to copy filtered resources.
[DEBUG] Using 'UTF-8' encoding to copy filtered properties files.
[DEBUG] resource with targetPath null
directory D:\code\ai_enabled_analytics\ai-enabled-analytics-v3\app-ui\opo-monitoring\src\main\resources
excludes []
includes [**/application*.yml, **/application*.yaml, **/application*.properties]
[DEBUG] ignoreDelta true
[INFO] Copying 1 resource from src\main\resources to target\classes
[DEBUG] Copying file application.yaml
[DEBUG] file application.yaml has a filtered file extension
[DEBUG] Using 'UTF-8' encoding to copy filtered resource 'application.yaml'.
[DEBUG] filtering D:\code\ai_enabled_analytics\ai-enabled-analytics-v3\app-ui\opo-monitoring\src\main\resources\application.yaml to D:\code\ai_enabled_analytics\ai-enabled-analytics-v3\app-ui\opo-monitoring\target\classes\application.yaml
[DEBUG] resource with targetPath null
directory D:\code\ai_enabled_analytics\ai-enabled-analytics-v3\app-ui\opo-monitoring\src\main\resources
excludes [**/application*.yml, **/application*.yaml, **/application*.properties]
includes []
[DEBUG] ignoreDelta true
[INFO] Copying 0 resource from src\main\resources to target\classes
[DEBUG] no user filter components
[INFO] 
[INFO] --- compiler:3.14.0:compile (default-compile) @ opo-monitoring-bff ---
[DEBUG] Dependency collection stats {ConflictMarker.analyzeTime=44600, ConflictMarker.markTime=17700, ConflictMarker.nodeCount=22, ConflictIdSorter.graphTime=16100, ConflictIdSorter.topsortTime=13300, ConflictIdSorter.conflictIdCount=14, ConflictIdSorter.conflictIdCycleCount=0, ConflictResolver.totalTime=200700, ConflictResolver.conflictItemCount=22, DfDependencyCollector.collectTime=52743200, DfDependencyCollector.transformTime=307900}
[DEBUG] org.apache.maven.plugins:maven-compiler-plugin:jar:3.14.0
[DEBUG]    org.apache.maven.shared:maven-shared-utils:jar:3.4.2:compile
[DEBUG]       org.slf4j:slf4j-api:jar:1.7.36:compile
[DEBUG]       commons-io:commons-io:jar:2.11.0:compile
[DEBUG]    org.apache.maven.shared:maven-shared-incremental:jar:1.1:compile
[DEBUG]    org.codehaus.plexus:plexus-java:jar:1.4.0:compile
[DEBUG]       org.ow2.asm:asm:jar:9.7.1:compile
[DEBUG]       com.thoughtworks.qdox:qdox:jar:2.2.0:compile
[DEBUG]    org.codehaus.plexus:plexus-compiler-api:jar:2.15.0:compile
[DEBUG]    org.codehaus.plexus:plexus-compiler-manager:jar:2.15.0:compile
[DEBUG]       javax.inject:javax.inject:jar:1:compile
[DEBUG]       org.codehaus.plexus:plexus-xml:jar:3.0.1:compile (version managed from default)
[DEBUG]    org.codehaus.plexus:plexus-compiler-javac:jar:2.15.0:runtime
[DEBUG]    org.codehaus.plexus:plexus-utils:jar:4.0.1:compile
[DEBUG] Created new class realm plugin>org.apache.maven.plugins:maven-compiler-plugin:3.14.0
[DEBUG] Importing foreign packages into class realm plugin>org.apache.maven.plugins:maven-compiler-plugin:3.14.0
[DEBUG]   Imported:  < maven.api
[DEBUG] Populating class realm plugin>org.apache.maven.plugins:maven-compiler-plugin:3.14.0
[DEBUG]   Included: org.apache.maven.plugins:maven-compiler-plugin:jar:3.14.0
[DEBUG]   Included: org.apache.maven.shared:maven-shared-utils:jar:3.4.2
[DEBUG]   Included: commons-io:commons-io:jar:2.11.0
[DEBUG]   Included: org.apache.maven.shared:maven-shared-incremental:jar:1.1
[DEBUG]   Included: org.codehaus.plexus:plexus-java:jar:1.4.0
[DEBUG]   Included: org.ow2.asm:asm:jar:9.7.1
[DEBUG]   Included: com.thoughtworks.qdox:qdox:jar:2.2.0
[DEBUG]   Included: org.codehaus.plexus:plexus-compiler-api:jar:2.15.0
[DEBUG]   Included: org.codehaus.plexus:plexus-compiler-manager:jar:2.15.0
[DEBUG]   Included: org.codehaus.plexus:plexus-xml:jar:3.0.1
[DEBUG]   Included: org.codehaus.plexus:plexus-compiler-javac:jar:2.15.0
[DEBUG]   Included: org.codehaus.plexus:plexus-utils:jar:4.0.1
[DEBUG] Loading mojo org.apache.maven.plugins:maven-compiler-plugin:3.14.0:compile from plugin realm ClassRealm[plugin>org.apache.maven.plugins:maven-compiler-plugin:3.14.0, parent: jdk.internal.loader.ClassLoaders$AppClassLoader@105be200]
[DEBUG] Configuring mojo execution 'org.apache.maven.plugins:maven-compiler-plugin:3.14.0:compile:default-compile' with basic configurator -->
[DEBUG]   (f) annotationProcessorPathsUseDepMgmt = false
[DEBUG]   (f) basedir = D:\code\ai_enabled_analytics\ai-enabled-analytics-v3\app-ui\opo-monitoring
[DEBUG]   (f) buildDirectory = D:\code\ai_enabled_analytics\ai-enabled-analytics-v3\app-ui\opo-monitoring\target
[DEBUG]   (f) compilePath = [D:\code\ai_enabled_analytics\ai-enabled-analytics-v3\app-ui\opo-monitoring\target\classes, C:\Localdata\Java\maven_repo\org\springframework\boot\spring-boot-starter-web\3.5.6\spring-boot-starter-web-3.5.6.jar, C:\Localdata\Java\maven_repo\org\springframework\boot\spring-boot-starter\3.5.6\spring-boot-starter-3.5.6.jar, C:\Localdata\Java\maven_repo\org\springframework\boot\spring-boot\3.5.6\spring-boot-3.5.6.jar, C:\Localdata\Java\maven_repo\org\springframework\boot\spring-boot-autoconfigure\3.5.6\spring-boot-autoconfigure-3.5.6.jar, C:\Localdata\Java\maven_repo\org\springframework\boot\spring-boot-starter-logging\3.5.6\spring-boot-starter-logging-3.5.6.jar, C:\Localdata\Java\maven_repo\ch\qos\logback\logback-classic\1.5.18\logback-classic-1.5.18.jar, C:\Localdata\Java\maven_repo\ch\qos\logback\logback-core\1.5.18\logback-core-1.5.18.jar, C:\Localdata\Java\maven_repo\org\apache\logging\log4j\log4j-to-slf4j\2.24.3\log4j-to-slf4j-2.24.3.jar, C:\Localdata\Java\maven_repo\org\apache\logging\log4j\log4j-api\2.24.3\log4j-api-2.24.3.jar, C:\Localdata\Java\maven_repo\org\slf4j\jul-to-slf4j\2.0.17\jul-to-slf4j-2.0.17.jar, C:\Localdata\Java\maven_repo\jakarta\annotation\jakarta.annotation-api\2.1.1\jakarta.annotation-api-2.1.1.jar, C:\Localdata\Java\maven_repo\org\yaml\snakeyaml\2.4\snakeyaml-2.4.jar, C:\Localdata\Java\maven_repo\org\springframework\boot\spring-boot-starter-json\3.5.6\spring-boot-starter-json-3.5.6.jar, C:\Localdata\Java\maven_repo\com\fasterxml\jackson\core\jackson-databind\2.19.2\jackson-databind-2.19.2.jar, C:\Localdata\Java\maven_repo\com\fasterxml\jackson\core\jackson-annotations\2.19.2\jackson-annotations-2.19.2.jar, C:\Localdata\Java\maven_repo\com\fasterxml\jackson\core\jackson-core\2.19.2\jackson-core-2.19.2.jar, C:\Localdata\Java\maven_repo\com\fasterxml\jackson\datatype\jackson-datatype-jdk8\2.19.2\jackson-datatype-jdk8-2.19.2.jar, C:\Localdata\Java\maven_repo\com\fasterxml\jackson\datatype\jackson-datatype-jsr310\2.19.2\jackson-datatype-jsr310-2.19.2.jar, C:\Localdata\Java\maven_repo\com\fasterxml\jackson\module\jackson-module-parameter-names\2.19.2\jackson-module-parameter-names-2.19.2.jar, C:\Localdata\Java\maven_repo\org\springframework\boot\spring-boot-starter-tomcat\3.5.6\spring-boot-starter-tomcat-3.5.6.jar, C:\Localdata\Java\maven_repo\org\apache\tomcat\embed\tomcat-embed-core\10.1.46\tomcat-embed-core-10.1.46.jar, C:\Localdata\Java\maven_repo\org\apache\tomcat\embed\tomcat-embed-websocket\10.1.46\tomcat-embed-websocket-10.1.46.jar, C:\Localdata\Java\maven_repo\org\springframework\spring-web\6.2.11\spring-web-6.2.11.jar, C:\Localdata\Java\maven_repo\org\springframework\spring-beans\6.2.11\spring-beans-6.2.11.jar, C:\Localdata\Java\maven_repo\org\springframework\spring-webmvc\6.2.11\spring-webmvc-6.2.11.jar, C:\Localdata\Java\maven_repo\org\springframework\spring-aop\6.2.11\spring-aop-6.2.11.jar, C:\Localdata\Java\maven_repo\org\springframework\spring-context\6.2.11\spring-context-6.2.11.jar, C:\Localdata\Java\maven_repo\org\springframework\spring-expression\6.2.11\spring-expression-6.2.11.jar, C:\Localdata\Java\maven_repo\org\springframework\boot\spring-boot-starter-validation\3.5.6\spring-boot-starter-validation-3.5.6.jar, C:\Localdata\Java\maven_repo\org\apache\tomcat\embed\tomcat-embed-el\10.1.46\tomcat-embed-el-10.1.46.jar, C:\Localdata\Java\maven_repo\org\hibernate\validator\hibernate-validator\8.0.3.Final\hibernate-validator-8.0.3.Final.jar, C:\Localdata\Java\maven_repo\jakarta\validation\jakarta.validation-api\3.0.2\jakarta.validation-api-3.0.2.jar, C:\Localdata\Java\maven_repo\org\jboss\logging\jboss-logging\3.6.1.Final\jboss-logging-3.6.1.Final.jar, C:\Localdata\Java\maven_repo\com\fasterxml\classmate\1.7.0\classmate-1.7.0.jar, C:\Localdata\Java\maven_repo\org\springframework\boot\spring-boot-starter-actuator\3.5.6\spring-boot-starter-actuator-3.5.6.jar, C:\Localdata\Java\maven_repo\org\springframework\boot\spring-boot-actuator-autoconfigure\3.5.6\spring-boot-actuator-autoconfigure-3.5.6.jar, C:\Localdata\Java\maven_repo\org\springframework\boot\spring-boot-actuator\3.5.6\spring-boot-actuator-3.5.6.jar, C:\Localdata\Java\maven_repo\io\micrometer\micrometer-observation\1.15.4\micrometer-observation-1.15.4.jar, C:\Localdata\Java\maven_repo\io\micrometer\micrometer-commons\1.15.4\micrometer-commons-1.15.4.jar, C:\Localdata\Java\maven_repo\io\micrometer\micrometer-jakarta9\1.15.4\micrometer-jakarta9-1.15.4.jar, C:\Localdata\Java\maven_repo\io\micrometer\micrometer-core\1.15.4\micrometer-core-1.15.4.jar, C:\Localdata\Java\maven_repo\org\springframework\boot\spring-boot-configuration-processor\3.5.6\spring-boot-configuration-processor-3.5.6.jar, C:\Localdata\Java\maven_repo\org\slf4j\slf4j-api\2.0.17\slf4j-api-2.0.17.jar, C:\Localdata\Java\maven_repo\org\springframework\spring-core\6.2.11\spring-core-6.2.11.jar, C:\Localdata\Java\maven_repo\org\springframework\spring-jcl\6.2.11\spring-jcl-6.2.11.jar]
[DEBUG]   (f) compileSourceRoots = [D:\code\ai_enabled_analytics\ai-enabled-analytics-v3\app-ui\opo-monitoring\src\main\java]
[DEBUG]   (f) compilerId = javac
[DEBUG]   (f) createMissingPackageInfoClass = true
[DEBUG]   (f) debug = true
[DEBUG]   (f) debugFileName = javac
[DEBUG]   (f) enablePreview = false
[DEBUG]   (f) encoding = UTF-8
[DEBUG]   (f) failOnError = true
[DEBUG]   (f) failOnWarning = false
[DEBUG]   (f) fileExtensions = [jar, class]
[DEBUG]   (f) forceJavacCompilerUse = false
[DEBUG]   (f) forceLegacyJavacApi = false
[DEBUG]   (f) fork = false
[DEBUG]   (f) generatedSourcesDirectory = D:\code\ai_enabled_analytics\ai-enabled-analytics-v3\app-ui\opo-monitoring\target\generated-sources\annotations
[DEBUG]   (f) moduleVersion = 0.1.0
[DEBUG]   (f) mojoExecution = org.apache.maven.plugins:maven-compiler-plugin:3.14.0:compile {execution: default-compile}
[DEBUG]   (f) optimize = false
[DEBUG]   (f) outputDirectory = D:\code\ai_enabled_analytics\ai-enabled-analytics-v3\app-ui\opo-monitoring\target\classes
[DEBUG]   (f) parameters = true
[DEBUG]   (f) project = MavenProject: com.asml.analytics:opo-monitoring-bff:0.1.0 @ D:\code\ai_enabled_analytics\ai-enabled-analytics-v3\app-ui\opo-monitoring\pom.xml
[DEBUG]   (f) projectArtifact = com.asml.analytics:opo-monitoring-bff:jar:0.1.0
[DEBUG]   (s) release = 25
[DEBUG]   (f) session = org.apache.maven.execution.MavenSession@7e74a380
[DEBUG]   (f) showCompilationChanges = false
[DEBUG]   (f) showDeprecation = false
[DEBUG]   (f) showWarnings = true
[DEBUG]   (f) skipMultiThreadWarning = false
[DEBUG]   (f) source = 1.8
[DEBUG]   (f) staleMillis = 0
[DEBUG]   (s) target = 1.8
[DEBUG]   (f) useIncrementalCompilation = true
[DEBUG]   (f) verbose = false
[DEBUG] -- end configuration --
[DEBUG] Using compiler 'javac'.
[DEBUG] Adding D:\code\ai_enabled_analytics\ai-enabled-analytics-v3\app-ui\opo-monitoring\target\generated-sources\annotations to compile source roots:
  D:\code\ai_enabled_analytics\ai-enabled-analytics-v3\app-ui\opo-monitoring\src\main\java
[DEBUG] New compile source roots:
  D:\code\ai_enabled_analytics\ai-enabled-analytics-v3\app-ui\opo-monitoring\src\main\java
  D:\code\ai_enabled_analytics\ai-enabled-analytics-v3\app-ui\opo-monitoring\target\generated-sources\annotations
[DEBUG] CompilerReuseStrategy: reuseCreated
[DEBUG] useIncrementalCompilation enabled
[INFO] Nothing to compile - all classes are up to date.
[INFO] 
[INFO] --- resources:3.3.1:testResources (default-testResources) @ opo-monitoring-bff ---
[DEBUG] Loading mojo org.apache.maven.plugins:maven-resources-plugin:3.3.1:testResources from plugin realm ClassRealm[plugin>org.apache.maven.plugins:maven-resources-plugin:3.3.1, parent: jdk.internal.loader.ClassLoaders$AppClassLoader@105be200]
[DEBUG] Configuring mojo execution 'org.apache.maven.plugins:maven-resources-plugin:3.3.1:testResources:default-testResources' with basic configurator -->
[DEBUG]   (f) addDefaultExcludes = true
[DEBUG]   (f) buildFilters = []
[DEBUG]   (s) delimiters = [@]
[DEBUG]   (f) encoding = UTF-8
[DEBUG]   (f) escapeWindowsPaths = true
[DEBUG]   (f) fileNameFiltering = false
[DEBUG]   (s) includeEmptyDirs = false
[DEBUG]   (s) outputDirectory = D:\code\ai_enabled_analytics\ai-enabled-analytics-v3\app-ui\opo-monitoring\target\test-classes
[DEBUG]   (s) overwrite = false
[DEBUG]   (f) project = MavenProject: com.asml.analytics:opo-monitoring-bff:0.1.0 @ D:\code\ai_enabled_analytics\ai-enabled-analytics-v3\app-ui\opo-monitoring\pom.xml
[DEBUG]   (f) propertiesEncoding = UTF-8
[DEBUG]   (s) resources = [Resource {targetPath: null, filtering: false, FileSet {directory: D:\code\ai_enabled_analytics\ai-enabled-analytics-v3\app-ui\opo-monitoring\src\test\resources, PatternSet [includes: {}, excludes: {}]}}]
[DEBUG]   (f) session = org.apache.maven.execution.MavenSession@7e74a380
[DEBUG]   (f) skip = false
[DEBUG]   (f) supportMultiLineFiltering = false
[DEBUG]   (f) useBuildFilters = true
[DEBUG]   (s) useDefaultDelimiters = false
[DEBUG] -- end configuration --
[DEBUG] properties used:
[DEBUG] activemq.version: 6.1.7
[DEBUG] angus-mail.version: 2.0.4
[DEBUG] artemis.version: 2.40.0
[DEBUG] artifact.repo.url: https://apps-artifactory.asml.com/artifactory/
[DEBUG] aspectj.version: 1.9.24
[DEBUG] assertj.version: 3.27.4
[DEBUG] awaitility.version: 4.2.2
[DEBUG] brave.version: 6.1.0
[DEBUG] build-helper-maven-plugin.version: 3.6.1
[DEBUG] byte-buddy.version: 1.17.7
[DEBUG] cache2k.version: 2.6.1.Final
[DEBUG] caffeine.version: 3.2.2
[DEBUG] cassandra-driver.version: 4.19.0
[DEBUG] classmate.version: 1.7.0
[DEBUG] classworlds.conf: C:/Program Files/apache-maven-3.9.6/bin/m2.conf
[DEBUG] commons-codec.version: 1.18.0
[DEBUG] commons-dbcp2.version: 2.13.0
[DEBUG] commons-lang3.version: 3.17.0
[DEBUG] commons-pool.version: 1.6
[DEBUG] commons-pool2.version: 2.12.1
[DEBUG] couchbase-client.version: 3.8.3
[DEBUG] crac.version: 1.5.0
[DEBUG] cyclonedx-maven-plugin.version: 2.9.1
[DEBUG] db2-jdbc.version: 12.1.2.0
[DEBUG] dependency-management-plugin.version: 1.1.7
[DEBUG] derby.version: 10.16.1.1
[DEBUG] ehcache3.version: 3.10.9
[DEBUG] elasticsearch-client.version: 8.18.6
[DEBUG] env.ACLOCAL_PATH: C:\Program Files\Git\mingw64\share\aclocal;C:\Program Files\Git\usr\share\aclocal
[DEBUG] env.ALLUSERSPROFILE: C:\ProgramData
[DEBUG] env.APPDATA: C:\Users\gkalia\AppData\Roaming
[DEBUG] env.CHOCOLATEYINSTALL: C:\ProgramData\chocolatey
[DEBUG] env.CHOCOLATEYLASTPATHUPDATE: 133916067963572167
[DEBUG] env.COMMONPROGRAMFILES: C:\Program Files\Common Files
[DEBUG] env.COMMONPROGRAMFILES(X86): C:\Program Files (x86)\Common Files
[DEBUG] env.COMMONPROGRAMW6432: C:\Program Files\Common Files
[DEBUG] env.COMPUTERNAME: VD012268
[DEBUG] env.COMSPEC: C:\WINDOWS\system32\cmd.exe
[DEBUG] env.CONFIG_SITE: C:/Program Files/Git/mingw64/etc/config.site
[DEBUG] env.DISPLAY: needs-to-be-defined
[DEBUG] env.DRIVERDATA: C:\Windows\System32\Drivers\DriverData
[DEBUG] env.EXEPATH: C:\Program Files\Git\bin
[DEBUG] env.FMS_HOME: C:\Programs\Siemens\TC2412\tccs
[DEBUG] env.FOSS_REPOSITORY_HOME: C:\Programs\Siemens\TC2412\fossrepo
[DEBUG] env.HADOOP_HOME: D:\hadoop\hadoop-3.4.1
[DEBUG] env.HOME: C:\Users\gkalia
[DEBUG] env.HOMEDRIVE: C:
[DEBUG] env.HOMEPATH: \Users\gkalia
[DEBUG] env.HOSTNAME: VD012268
[DEBUG] env.INFOPATH: C:\Program Files\Git\usr\local\info;C:\Program Files\Git\usr\share\info;C:\Program Files\Git\usr\info;C:\Program Files\Git\share\info
[DEBUG] env.JAVA_HOME: C:/Program Files/Java/jdk-25.0.1
[DEBUG] env.JAVA_HOME_21: C:\Program Files\Microsoft\jdk-21.0.9.10-hotspot
[DEBUG] env.JENKINS_HOME: C:\Localdata\Jenkins
[DEBUG] env.LANG: en_US.UTF-8
[DEBUG] env.LOCALAPPDATA: C:\Users\gkalia\AppData\Local
[DEBUG] env.LOGONSERVER: \\NLHTCA52
[DEBUG] env.MANPATH: C:\Program Files\Git\mingw64\local\man;C:\Program Files\Git\mingw64\share\man;C:\Program Files\Git\usr\local\man;C:\Program Files\Git\usr\share\man;C:\Program Files\Git\usr\man;C:\Program Files\Git\share\man
[DEBUG] env.MAVEN_CMD_LINE_ARGS:  -s /c/Users/gkalia/.m2/settings.xml -U -X test
[DEBUG] env.MAVEN_PROJECTBASEDIR: D:/code/ai_enabled_analytics/ai-enabled-analytics-v3/app-ui/opo-monitoring
[DEBUG] env.MINGW_CHOST: x86_64-w64-mingw32
[DEBUG] env.MINGW_PACKAGE_PREFIX: mingw-w64-x86_64
[DEBUG] env.MINGW_PREFIX: C:/Program Files/Git/mingw64
[DEBUG] env.MSYSTEM: MINGW64
[DEBUG] env.MSYSTEM_CARCH: x86_64
[DEBUG] env.MSYSTEM_CHOST: x86_64-w64-mingw32
[DEBUG] env.MSYSTEM_PREFIX: C:/Program Files/Git/mingw64
[DEBUG] env.NUMBER_OF_PROCESSORS: 6
[DEBUG] env.OLDPWD: D:/code/ai_enabled_analytics/ai-enabled-analytics-v3/app-ui/opo-monitoring
[DEBUG] env.ONEDRIVE: C:\Users\gkalia\OneDrive - ASML
[DEBUG] env.ONEDRIVECOMMERCIAL: C:\Users\gkalia\OneDrive - ASML
[DEBUG] env.ORIGINAL_PATH: C:\Program Files\Git\mingw64\bin;C:\Program Files\Git\usr\bin;C:\Users\gkalia\bin;C:\Program Files\Microsoft SDKs\Azure\CLI2\wbin;C:\Program Files\BellSoft\LibericaJDK-8-Full\bin;C:\Program Files\IcedTeaWeb\WebStart\bin;C:\WINDOWS\CCM;D:\hadoop\hadoop-3.4.1\bin;C:\Python312\Scripts;C:\Python312;C:\WINDOWS\system32;C:\WINDOWS;C:\WINDOWS\System32\Wbem;C:\WINDOWS\System32\WindowsPowerShell\v1.0;C:\WINDOWS\System32\OpenSSH;C:\Program Files\Git\cmd;C:\Program Files (x86)\GitExtensions;C:\Program Files\Puppet Labs\Puppet\bin;C:\Program Files (x86)\VSCode\bin;C:\ProgramData\anaconda3\pkgs\pyspark-3.4.1-py311haa95532_0\Lib\site-packages\pyspark\bin;C:\Program Files\Docker\Docker\Resources\bin\kubectl.exe;C:\Program Files\nodejs;C:\ProgramData\chocolatey\bin;C:\Program Files\Microsoft VS Code\bin;C:\Python312\Scripts;C:\Program Files\apache-maven-3.9.6\bin;C:\Program Files\PuTTY;C:\WINDOWS\system32\config\systemprofile\AppData\Local\Microsoft\WindowsApps;C:\Programs\Siemens\TC2412\OfficeClient;C:\Program Files\Rancher Desktop\resources\resources\win32\bin;C:\Program Files\Rancher Desktop\resources\resources\win32\docker-cli-plugins;C:\Program Files\Rancher Desktop\resources\resources\linux\bin;C:\Program Files\Rancher Desktop\resources\resources\linux\docker-cli-plugins;C:\Program Files\BellSoft\LibericaJDK-8-Full\bin;C:\Users\gkalia\AppData\Local\Microsoft\WindowsApps;C:\Users\gkalia\AppData\Roaming\npm;C:\Python312\Scripts;C:\Program Files\apache-maven-3.9.6\bin;C:\Users\gkalia\code\iperf3;C:\Program Files (x86)\Nmap;D:\hadoop\hadoop-3.4.1\bin;C:\Program Files\Docker\Docker\resources\bin;C:\Users\gkalia\AppData\Local\Programs\Podman
[DEBUG] env.ORIGINAL_TEMP: C:/Users/gkalia/AppData/Local/Temp
[DEBUG] env.ORIGINAL_TMP: C:/Users/gkalia/AppData/Local/Temp
[DEBUG] env.OS: Windows_NT
[DEBUG] env.PATH: C:\Program Files\Java\jdk-25.0.1\bin;C:\Program Files\Java\jdk-25.0.1\bin;C:\Program Files\Java\jdk-25.0.1\bin;C:\Users\gkalia\bin;C:\Program Files\Git\mingw64\bin;C:\Program Files\Git\usr\local\bin;C:\Program Files\Git\usr\bin;C:\Program Files\Git\usr\bin;C:\Program Files\Git\mingw64\bin;C:\Program Files\Git\usr\bin;C:\Users\gkalia\bin;C:\Program Files\Microsoft SDKs\Azure\CLI2\wbin;C:\Program Files\BellSoft\LibericaJDK-8-Full\bin;C:\Program Files\IcedTeaWeb\WebStart\bin;C:\WINDOWS\CCM;D:\hadoop\hadoop-3.4.1\bin;C:\Python312\Scripts;C:\Python312;C:\WINDOWS\system32;C:\WINDOWS;C:\WINDOWS\System32\Wbem;C:\WINDOWS\System32\WindowsPowerShell\v1.0;C:\WINDOWS\System32\OpenSSH;C:\Program Files\Git\cmd;C:\Program Files (x86)\GitExtensions;C:\Program Files\Puppet Labs\Puppet\bin;C:\Program Files (x86)\VSCode\bin;C:\ProgramData\anaconda3\pkgs\pyspark-3.4.1-py311haa95532_0\Lib\site-packages\pyspark\bin;C:\Program Files\Docker\Docker\Resources\bin\kubectl.exe;C:\Program Files\nodejs;C:\ProgramData\chocolatey\bin;C:\Program Files\Microsoft VS Code\bin;C:\Python312\Scripts;C:\Program Files\apache-maven-3.9.6\bin;C:\Program Files\PuTTY;C:\WINDOWS\system32\config\systemprofile\AppData\Local\Microsoft\WindowsApps;C:\Programs\Siemens\TC2412\OfficeClient;C:\Program Files\Rancher Desktop\resources\resources\win32\bin;C:\Program Files\Rancher Desktop\resources\resources\win32\docker-cli-plugins;C:\Program Files\Rancher Desktop\resources\resources\linux\bin;C:\Program Files\Rancher Desktop\resources\resources\linux\docker-cli-plugins;C:\Program Files\BellSoft\LibericaJDK-8-Full\bin;C:\Users\gkalia\AppData\Local\Microsoft\WindowsApps;C:\Users\gkalia\AppData\Roaming\npm;C:\Python312\Scripts;C:\Program Files\apache-maven-3.9.6\bin;C:\Users\gkalia\code\iperf3;C:\Program Files (x86)\Nmap;D:\hadoop\hadoop-3.4.1\bin;C:\Program Files\Docker\Docker\resources\bin;C:\Users\gkalia\AppData\Local\Programs\Podman;C:\Program Files\Git\usr\bin\vendor_perl;C:\Program Files\Git\usr\bin\core_perl
[DEBUG] env.PATHEXT: .COM;.EXE;.BAT;.CMD;.VBS;.VBE;.JS;.JSE;.WSF;.WSH;.MSC;.PY;.PYW
[DEBUG] env.PKG_CONFIG_PATH: C:\Program Files\Git\mingw64\lib\pkgconfig;C:\Program Files\Git\mingw64\share\pkgconfig
[DEBUG] env.PLINK_PROTOCOL: ssh
[DEBUG] env.PROCESSOR_ARCHITECTURE: AMD64
[DEBUG] env.PROCESSOR_IDENTIFIER: AMD64 Family 25 Model 17 Stepping 1, AuthenticAMD
[DEBUG] env.PROCESSOR_LEVEL: 25
[DEBUG] env.PROCESSOR_REVISION: 1101
[DEBUG] env.PROGRAMDATA: C:\ProgramData
[DEBUG] env.PROGRAMFILES: C:\Program Files
[DEBUG] env.PROGRAMFILES(X86): C:\Program Files (x86)
[DEBUG] env.PROGRAMW6432: C:\Program Files
[DEBUG] env.PSMODULEPATH: C:\Program Files\WindowsPowerShell\Modules;C:\WINDOWS\system32\WindowsPowerShell\v1.0\Modules;C:\Program Files (x86)\Microsoft Azure Information Protection\Powershell;C:\Program Files\Citrix\Telemetry Service\
[DEBUG] env.PUBLIC: C:\Users\Public
[DEBUG] env.PWD: D:/code/ai_enabled_analytics/ai-enabled-analytics-v3/app-ui/opo-monitoring
[DEBUG] env.SECUDIR: \\asml.com\eu\applications\sap\Saplogon\Configuration\SECUDIR
[DEBUG] env.SESSIONNAME: Console
[DEBUG] env.SHELL: C:\Program Files\Git\usr\bin\bash.exe
[DEBUG] env.SHLVL: 1
[DEBUG] env.SNC_LIB: C:\Program Files (x86)\SAP\FrontEnd\SecureLogin\lib\sapcrypto.dll
[DEBUG] env.SNC_LIB_64: C:\Program Files\SAP\FrontEnd\SecureLogin\lib\sapcrypto.dll
[DEBUG] env.SSF_LIBRARY_PATH: C:\Program Files (x86)\SAP\FrontEnd\SecureLogin\lib\sapcrypto.dll
[DEBUG] env.SSF_LIBRARY_PATH_64: C:\Program Files\SAP\FrontEnd\SecureLogin\lib\sapcrypto.dll
[DEBUG] env.SSH_ASKPASS: C:/Program Files/Git/mingw64/libexec/git-core/git-gui--askpass
[DEBUG] env.SYSTEMDRIVE: C:
[DEBUG] env.SYSTEMROOT: C:\WINDOWS
[DEBUG] env.TCSSO_SESSION_AGENT_PATH: C:\Programs\Siemens\TC2412\SecurityServicesSA
[DEBUG] env.TCVIS_CLUSTER_PATH: C:\Programs\Siemens\TCVIS2412\Products\Professional\VisView.exe
[DEBUG] env.TCVIS_ENABLE_RIBBONS: True
[DEBUG] env.TC_ROOT: C:\Programs\Siemens\TC2412
[DEBUG] env.TEMP: C:\Users\gkalia\AppData\Local\Temp
[DEBUG] env.TERM: xterm-256color
[DEBUG] env.TMP: C:\Users\gkalia\AppData\Local\Temp
[DEBUG] env.TMPDIR: C:\Users\gkalia\AppData\Local\Temp
[DEBUG] env.UATDATA: C:\WINDOWS\CCM\UATData\D9F8C395-CAB8-491d-B8AC-179A1FE1BE77
[DEBUG] env.USERDNSDOMAIN: ASML.COM
[DEBUG] env.USERDOMAIN: ASML-COM
[DEBUG] env.USERDOMAIN_ROAMINGPROFILE: ASML-COM
[DEBUG] env.USERNAME: gkalia
[DEBUG] env.USERPROFILE: C:\Users\gkalia
[DEBUG] env.WINDIR: C:\WINDOWS
[DEBUG] env.WSLENV: WT_SESSION:WT_PROFILE_ID:
[DEBUG] env.WT_PROFILE_ID: {111c41d4-6bc2-470d-bdd4-2528a6e03a46}
[DEBUG] env.WT_SESSION: 1f3d197b-2f8a-44ab-ac47-38de3ff2a80d
[DEBUG] file.encoding: UTF-8
[DEBUG] file.separator: \
[DEBUG] flyway.version: 11.7.2
[DEBUG] freemarker.version: 2.3.34
[DEBUG] git-commit-id-maven-plugin.version: 9.0.2
[DEBUG] glassfish-jaxb.version: 4.0.5
[DEBUG] glassfish-jstl.version: 3.0.1
[DEBUG] graphql-java.version: 24.1
[DEBUG] groovy.version: 4.0.28
[DEBUG] gson.version: 2.13.2
[DEBUG] h2.version: 2.3.232
[DEBUG] hamcrest.version: 3.0
[DEBUG] hazelcast.version: 5.5.0
[DEBUG] hibernate-validator.version: 8.0.3.Final
[DEBUG] hibernate.version: 6.6.29.Final
[DEBUG] hikaricp.version: 6.3.3
[DEBUG] hsqldb.version: 2.7.3
[DEBUG] htmlunit.version: 4.11.1
[DEBUG] httpasyncclient.version: 4.1.5
[DEBUG] httpclient5.version: 5.5
[DEBUG] httpcore.version: 4.4.16
[DEBUG] httpcore5.version: 5.3.5
[DEBUG] infinispan.version: 15.2.6.Final
[DEBUG] influxdb-java.version: 2.25
[DEBUG] jackson-bom.version: 2.19.2
[DEBUG] jakarta-activation.version: 2.1.4
[DEBUG] jakarta-annotation.version: 2.1.1
[DEBUG] jakarta-inject.version: 2.0.1
[DEBUG] jakarta-jms.version: 3.1.0
[DEBUG] jakarta-json-bind.version: 3.0.1
[DEBUG] jakarta-json.version: 2.1.3
[DEBUG] jakarta-mail.version: 2.1.4
[DEBUG] jakarta-management.version: 1.1.4
[DEBUG] jakarta-persistence.version: 3.1.0
[DEBUG] jakarta-servlet-jsp-jstl.version: 3.0.2
[DEBUG] jakarta-servlet.version: 6.0.0
[DEBUG] jakarta-transaction.version: 2.0.1
[DEBUG] jakarta-validation.version: 3.0.2
[DEBUG] jakarta-websocket.version: 2.1.1
[DEBUG] jakarta-ws-rs.version: 3.1.0
[DEBUG] jakarta-xml-bind.version: 4.0.2
[DEBUG] jakarta-xml-soap.version: 3.0.2
[DEBUG] jakarta-xml-ws.version: 4.0.2
[DEBUG] janino.version: 3.1.12
[DEBUG] java.class.path: C:/Program Files/apache-maven-3.9.6/boot/plexus-classworlds-2.7.0.jar
[DEBUG] java.class.version: 69.0
[DEBUG] java.home: C:\Program Files\Java\jdk-25.0.1
[DEBUG] java.io.tmpdir: C:\Users\gkalia\AppData\Local\Temp\
[DEBUG] java.library.path: C:\Program Files\Java\jdk-25.0.1\bin;C:\WINDOWS\Sun\Java\bin;C:\WINDOWS\system32;C:\WINDOWS;C:\Program Files\Java\jdk-25.0.1\bin;C:\Program Files\Java\jdk-25.0.1\bin;C:\Program Files\Java\jdk-25.0.1\bin;C:\Users\gkalia\bin;C:\Program Files\Git\mingw64\bin;C:\Program Files\Git\usr\local\bin;C:\Program Files\Git\usr\bin;C:\Program Files\Git\usr\bin;C:\Program Files\Git\mingw64\bin;C:\Program Files\Git\usr\bin;C:\Users\gkalia\bin;C:\Program Files\Microsoft SDKs\Azure\CLI2\wbin;C:\Program Files\BellSoft\LibericaJDK-8-Full\bin;C:\Program Files\IcedTeaWeb\WebStart\bin;C:\WINDOWS\CCM;D:\hadoop\hadoop-3.4.1\bin;C:\Python312\Scripts;C:\Python312;C:\WINDOWS\system32;C:\WINDOWS;C:\WINDOWS\System32\Wbem;C:\WINDOWS\System32\WindowsPowerShell\v1.0;C:\WINDOWS\System32\OpenSSH;C:\Program Files\Git\cmd;C:\Program Files (x86)\GitExtensions;C:\Program Files\Puppet Labs\Puppet\bin;C:\Program Files (x86)\VSCode\bin;C:\ProgramData\anaconda3\pkgs\pyspark-3.4.1-py311haa95532_0\Lib\site-packages\pyspark\bin;C:\Program Files\Docker\Docker\Resources\bin\kubectl.exe;C:\Program Files\nodejs;C:\ProgramData\chocolatey\bin;C:\Program Files\Microsoft VS Code\bin;C:\Python312\Scripts;C:\Program Files\apache-maven-3.9.6\bin;C:\Program Files\PuTTY;C:\WINDOWS\system32\config\systemprofile\AppData\Local\Microsoft\WindowsApps;C:\Programs\Siemens\TC2412\OfficeClient;C:\Program Files\Rancher Desktop\resources\resources\win32\bin;C:\Program Files\Rancher Desktop\resources\resources\win32\docker-cli-plugins;C:\Program Files\Rancher Desktop\resources\resources\linux\bin;C:\Program Files\Rancher Desktop\resources\resources\linux\docker-cli-plugins;C:\Program Files\BellSoft\LibericaJDK-8-Full\bin;C:\Users\gkalia\AppData\Local\Microsoft\WindowsApps;C:\Users\gkalia\AppData\Roaming\npm;C:\Python312\Scripts;C:\Program Files\apache-maven-3.9.6\bin;C:\Users\gkalia\code\iperf3;C:\Program Files (x86)\Nmap;D:\hadoop\hadoop-3.4.1\bin;C:\Program Files\Docker\Docker\resources\bin;C:\Users\gkalia\AppData\Local\Programs\Podman;C:\Program Files\Git\usr\bin\vendor_perl;C:\Program Files\Git\usr\bin\core_perl;.
[DEBUG] java.runtime.name: OpenJDK Runtime Environment
[DEBUG] java.runtime.version: 25.0.1+8-27
[DEBUG] java.specification.name: Java Platform API Specification
[DEBUG] java.specification.vendor: Oracle Corporation
[DEBUG] java.specification.version: 25
[DEBUG] java.vendor: Oracle Corporation
[DEBUG] java.vendor.url: https://java.oracle.com/
[DEBUG] java.vendor.url.bug: https://bugreport.java.com/bugreport/
[DEBUG] java.version: 25.0.1
[DEBUG] java.version.date: 2025-10-21
[DEBUG] java.vm.compressedOopsMode: Zero based
[DEBUG] java.vm.info: mixed mode, sharing
[DEBUG] java.vm.name: OpenJDK 64-Bit Server VM
[DEBUG] java.vm.specification.name: Java Virtual Machine Specification
[DEBUG] java.vm.specification.vendor: Oracle Corporation
[DEBUG] java.vm.specification.version: 25
[DEBUG] java.vm.vendor: Oracle Corporation
[DEBUG] java.vm.version: 25.0.1+8-27
[DEBUG] javax-cache.version: 1.1.1
[DEBUG] javax-money.version: 1.1
[DEBUG] jaxen.version: 2.0.0
[DEBUG] jaybird.version: 6.0.3
[DEBUG] jboss-logging.version: 3.6.1.Final
[DEBUG] jdk.debug: release
[DEBUG] jdom2.version: 2.0.6.1
[DEBUG] jedis.version: 6.0.0
[DEBUG] jersey.version: 3.1.11
[DEBUG] jetty-reactive-httpclient.version: 4.0.11
[DEBUG] jetty.version: 12.0.27
[DEBUG] jmustache.version: 1.16
[DEBUG] jooq.version: 3.19.26
[DEBUG] json-path.version: 2.9.0
[DEBUG] json-smart.version: 2.5.2
[DEBUG] jsonassert.version: 1.5.3
[DEBUG] jtds.version: 1.3.1
[DEBUG] junit-jupiter.version: 5.12.2
[DEBUG] junit.version: 4.13.2
[DEBUG] kafka.version: 3.9.1
[DEBUG] kotlin-coroutines.version: 1.8.1
[DEBUG] kotlin-serialization.version: 1.6.3
[DEBUG] kotlin.version: 1.9.25
[DEBUG] lettuce.version: 6.6.0.RELEASE
[DEBUG] library.jansi.path: C:/Program Files/apache-maven-3.9.6/lib/jansi-native
[DEBUG] line.separator: 

[DEBUG] liquibase.version: 4.31.1
[DEBUG] log4j2.version: 2.24.3
[DEBUG] logback.version: 1.5.18
[DEBUG] lombok.version: 1.18.40
[DEBUG] mariadb.version: 3.5.6
[DEBUG] maven-antrun-plugin.version: 3.1.0
[DEBUG] maven-assembly-plugin.version: 3.7.1
[DEBUG] maven-clean-plugin.version: 3.4.1
[DEBUG] maven-compiler-plugin.version: 3.14.0
[DEBUG] maven-dependency-plugin.version: 3.8.1
[DEBUG] maven-deploy-plugin.version: 3.1.4
[DEBUG] maven-enforcer-plugin.version: 3.5.0
[DEBUG] maven-failsafe-plugin.version: 3.5.4
[DEBUG] maven-help-plugin.version: 3.5.1
[DEBUG] maven-install-plugin.version: 3.1.4
[DEBUG] maven-invoker-plugin.version: 3.9.1
[DEBUG] maven-jar-plugin.version: 3.4.2
[DEBUG] maven-javadoc-plugin.version: 3.11.3
[DEBUG] maven-resources-plugin.version: 3.3.1
[DEBUG] maven-shade-plugin.version: 3.6.1
[DEBUG] maven-source-plugin.version: 3.3.1
[DEBUG] maven-surefire-plugin.version: 3.5.4
[DEBUG] maven-war-plugin.version: 3.4.0
[DEBUG] maven.build.timestamp: 2026-09-23T14:20:50Z
[DEBUG] maven.build.version: Apache Maven 3.9.6 (bc0240f3c744dd6b6ec2920b3cd08dcc295161ae)
[DEBUG] maven.compiler.release: 25
[DEBUG] maven.conf: C:/Program Files/apache-maven-3.9.6/conf
[DEBUG] maven.home: C:\Program Files\apache-maven-3.9.6
[DEBUG] maven.multiModuleProjectDirectory: D:/code/ai_enabled_analytics/ai-enabled-analytics-v3/app-ui/opo-monitoring
[DEBUG] maven.version: 3.9.6
[DEBUG] micrometer-tracing.version: 1.5.4
[DEBUG] micrometer.version: 1.15.4
[DEBUG] mockito.version: 5.17.0
[DEBUG] mongodb.version: 5.5.1
[DEBUG] mssql-jdbc.version: 12.10.1.jre11
[DEBUG] mysql.version: 9.4.0
[DEBUG] native-build-tools-plugin.version: 0.10.6
[DEBUG] native.encoding: Cp1252
[DEBUG] nekohtml.version: 1.9.22
[DEBUG] neo4j-java-driver.version: 5.28.9
[DEBUG] netty.version: 4.1.127.Final
[DEBUG] opentelemetry.version: 1.49.0
[DEBUG] oracle-database.version: 23.7.0.25.01
[DEBUG] oracle-r2dbc.version: 1.3.0
[DEBUG] os.arch: amd64
[DEBUG] os.name: Windows 11
[DEBUG] os.version: 10.0
[DEBUG] path.separator: ;
[DEBUG] pooled-jms.version: 3.1.7
[DEBUG] postgresql.version: 42.7.7
[DEBUG] project.baseUri: file:/D:/code/ai_enabled_analytics/ai-enabled-analytics-v3/app-ui/opo-monitoring/
[DEBUG] project.build.sourceEncoding: UTF-8
[DEBUG] project.reporting.outputEncoding: UTF-8
[DEBUG] prometheus-client.version: 1.3.10
[DEBUG] prometheus-simpleclient.version: 0.16.0
[DEBUG] pulsar-reactive.version: 0.6.0
[DEBUG] pulsar.version: 4.0.6
[DEBUG] quartz.version: 2.5.0
[DEBUG] querydsl.version: 5.1.0
[DEBUG] r2dbc-h2.version: 1.0.0.RELEASE
[DEBUG] r2dbc-mariadb.version: 1.3.0
[DEBUG] r2dbc-mssql.version: 1.0.3.RELEASE
[DEBUG] r2dbc-mysql.version: 1.4.1
[DEBUG] r2dbc-pool.version: 1.0.2.RELEASE
[DEBUG] r2dbc-postgresql.version: 1.0.7.RELEASE
[DEBUG] r2dbc-proxy.version: 1.1.6.RELEASE
[DEBUG] r2dbc-spi.version: 1.0.0.RELEASE
[DEBUG] rabbit-amqp-client.version: 5.25.0
[DEBUG] rabbit-stream-client.version: 0.23.0
[DEBUG] reactive-streams.version: 1.0.4
[DEBUG] reactor-bom.version: 2024.0.10
[DEBUG] resource.delimiter: @
[DEBUG] rest-assured.version: 5.5.6
[DEBUG] rsocket.version: 1.1.5
[DEBUG] rxjava3.version: 3.1.11
[DEBUG] saaj-impl.version: 3.0.4
[DEBUG] selenium-htmlunit.version: 4.30.0
[DEBUG] selenium.version: 4.31.0
[DEBUG] sendgrid.version: 4.10.3
[DEBUG] slf4j.version: 2.0.17
[DEBUG] snakeyaml.version: 2.4
[DEBUG] spring-amqp.version: 3.2.7
[DEBUG] spring-authorization-server.version: 1.5.2
[DEBUG] spring-batch.version: 5.2.3
[DEBUG] spring-boot.run.main-class: ${start-class}
[DEBUG] spring-data-bom.version: 2025.0.4
[DEBUG] spring-framework.version: 6.2.11
[DEBUG] spring-graphql.version: 1.4.2
[DEBUG] spring-hateoas.version: 2.5.1
[DEBUG] spring-integration.version: 6.5.2
[DEBUG] spring-kafka.version: 3.3.10
[DEBUG] spring-ldap.version: 3.3.3
[DEBUG] spring-pulsar.version: 1.2.10
[DEBUG] spring-restdocs.version: 3.0.5
[DEBUG] spring-retry.version: 2.0.12
[DEBUG] spring-security.version: 6.5.5
[DEBUG] spring-session.version: 3.5.2
[DEBUG] spring-ws.version: 4.1.1
[DEBUG] sqlite-jdbc.version: 3.49.1.0
[DEBUG] stderr.encoding: Cp1252
[DEBUG] stdin.encoding: cp437
[DEBUG] stdout.encoding: Cp1252
[DEBUG] sun.arch.data.model: 64
[DEBUG] sun.boot.library.path: C:\Program Files\Java\jdk-25.0.1\bin
[DEBUG] sun.cpu.endian: little
[DEBUG] sun.cpu.isalist: amd64
[DEBUG] sun.io.unicode.encoding: UnicodeLittle
[DEBUG] sun.java.command: org.codehaus.plexus.classworlds.launcher.Launcher -s C:/Users/gkalia/.m2/settings.xml -U -X test
[DEBUG] sun.java.launcher: SUN_STANDARD
[DEBUG] sun.jnu.encoding: Cp1252
[DEBUG] sun.management.compiler: HotSpot 64-Bit Tiered Compilers
[DEBUG] sun.os.patch.level: 
[DEBUG] testcontainers-redis-module.version: 2.2.4
[DEBUG] testcontainers.version: 1.21.3
[DEBUG] thymeleaf-extras-data-attribute.version: 2.0.1
[DEBUG] thymeleaf-extras-springsecurity.version: 3.1.3.RELEASE
[DEBUG] thymeleaf-layout-dialect.version: 3.4.0
[DEBUG] thymeleaf.version: 3.1.3.RELEASE
[DEBUG] tomcat.version: 10.1.46
[DEBUG] unboundid-ldapsdk.version: 7.0.3
[DEBUG] undertow.version: 2.3.19.Final
[DEBUG] user.country: US
[DEBUG] user.dir: D:\code\ai_enabled_analytics\ai-enabled-analytics-v3\app-ui\opo-monitoring
[DEBUG] user.home: C:\Users\gkalia
[DEBUG] user.language: en
[DEBUG] user.name: gkalia
[DEBUG] user.script: 
[DEBUG] user.variant: 
[DEBUG] versions-maven-plugin.version: 2.18.0
[DEBUG] vibur.version: 26.0
[DEBUG] webjars-locator-core.version: 0.59
[DEBUG] webjars-locator-lite.version: 1.1.0
[DEBUG] wsdl4j.version: 1.6.3
[DEBUG] xml-maven-plugin.version: 1.1.0
[DEBUG] xmlunit2.version: 2.10.4
[DEBUG] yasson.version: 3.0.4
[DEBUG] zipkin-reporter.version: 3.5.1
[DEBUG] Using 'UTF-8' encoding to copy filtered resources.
[DEBUG] Using 'UTF-8' encoding to copy filtered properties files.
[DEBUG] resource with targetPath null
directory D:\code\ai_enabled_analytics\ai-enabled-analytics-v3\app-ui\opo-monitoring\src\test\resources
excludes []
includes []
[INFO] skip non existing resourceDirectory D:\code\ai_enabled_analytics\ai-enabled-analytics-v3\app-ui\opo-monitoring\src\test\resources
[DEBUG] no user filter components
[INFO] 
[INFO] --- compiler:3.14.0:testCompile (default-testCompile) @ opo-monitoring-bff ---
[DEBUG] Loading mojo org.apache.maven.plugins:maven-compiler-plugin:3.14.0:testCompile from plugin realm ClassRealm[plugin>org.apache.maven.plugins:maven-compiler-plugin:3.14.0, parent: jdk.internal.loader.ClassLoaders$AppClassLoader@105be200]
[DEBUG] Configuring mojo execution 'org.apache.maven.plugins:maven-compiler-plugin:3.14.0:testCompile:default-testCompile' with basic configurator -->
[DEBUG]   (f) annotationProcessorPathsUseDepMgmt = false
[DEBUG]   (f) basedir = D:\code\ai_enabled_analytics\ai-enabled-analytics-v3\app-ui\opo-monitoring
[DEBUG]   (f) buildDirectory = D:\code\ai_enabled_analytics\ai-enabled-analytics-v3\app-ui\opo-monitoring\target
[DEBUG]   (f) compileSourceRoots = [D:\code\ai_enabled_analytics\ai-enabled-analytics-v3\app-ui\opo-monitoring\src\test\java]
[DEBUG]   (f) compilerId = javac
[DEBUG]   (f) createMissingPackageInfoClass = true
[DEBUG]   (f) debug = true
[DEBUG]   (f) debugFileName = javac-test
[DEBUG]   (f) enablePreview = false
[DEBUG]   (f) encoding = UTF-8
[DEBUG]   (f) failOnError = true
[DEBUG]   (f) failOnWarning = false
[DEBUG]   (f) fileExtensions = [jar, class]
[DEBUG]   (f) forceJavacCompilerUse = false
[DEBUG]   (f) forceLegacyJavacApi = false
[DEBUG]   (f) fork = false
[DEBUG]   (f) generatedTestSourcesDirectory = D:\code\ai_enabled_analytics\ai-enabled-analytics-v3\app-ui\opo-monitoring\target\generated-test-sources\test-annotations
[DEBUG]   (f) mojoExecution = org.apache.maven.plugins:maven-compiler-plugin:3.14.0:testCompile {execution: default-testCompile}
[DEBUG]   (f) optimize = false
[DEBUG]   (f) outputDirectory = D:\code\ai_enabled_analytics\ai-enabled-analytics-v3\app-ui\opo-monitoring\target\test-classes
[DEBUG]   (f) parameters = true
[DEBUG]   (f) project = MavenProject: com.asml.analytics:opo-monitoring-bff:0.1.0 @ D:\code\ai_enabled_analytics\ai-enabled-analytics-v3\app-ui\opo-monitoring\pom.xml
[DEBUG]   (s) release = 25
[DEBUG]   (f) session = org.apache.maven.execution.MavenSession@7e74a380
[DEBUG]   (f) showCompilationChanges = false
[DEBUG]   (f) showDeprecation = false
[DEBUG]   (f) showWarnings = true
[DEBUG]   (f) skipMultiThreadWarning = false
[DEBUG]   (f) source = 1.8
[DEBUG]   (f) staleMillis = 0
[DEBUG]   (s) target = 1.8
[DEBUG]   (f) testPath = [D:\code\ai_enabled_analytics\ai-enabled-analytics-v3\app-ui\opo-monitoring\target\test-classes, D:\code\ai_enabled_analytics\ai-enabled-analytics-v3\app-ui\opo-monitoring\target\classes, C:\Localdata\Java\maven_repo\org\springframework\boot\spring-boot-starter-web\3.5.6\spring-boot-starter-web-3.5.6.jar, C:\Localdata\Java\maven_repo\org\springframework\boot\spring-boot-starter\3.5.6\spring-boot-starter-3.5.6.jar, C:\Localdata\Java\maven_repo\org\springframework\boot\spring-boot\3.5.6\spring-boot-3.5.6.jar, C:\Localdata\Java\maven_repo\org\springframework\boot\spring-boot-autoconfigure\3.5.6\spring-boot-autoconfigure-3.5.6.jar, C:\Localdata\Java\maven_repo\org\springframework\boot\spring-boot-starter-logging\3.5.6\spring-boot-starter-logging-3.5.6.jar, C:\Localdata\Java\maven_repo\ch\qos\logback\logback-classic\1.5.18\logback-classic-1.5.18.jar, C:\Localdata\Java\maven_repo\ch\qos\logback\logback-core\1.5.18\logback-core-1.5.18.jar, C:\Localdata\Java\maven_repo\org\apache\logging\log4j\log4j-to-slf4j\2.24.3\log4j-to-slf4j-2.24.3.jar, C:\Localdata\Java\maven_repo\org\apache\logging\log4j\log4j-api\2.24.3\log4j-api-2.24.3.jar, C:\Localdata\Java\maven_repo\org\slf4j\jul-to-slf4j\2.0.17\jul-to-slf4j-2.0.17.jar, C:\Localdata\Java\maven_repo\jakarta\annotation\jakarta.annotation-api\2.1.1\jakarta.annotation-api-2.1.1.jar, C:\Localdata\Java\maven_repo\org\yaml\snakeyaml\2.4\snakeyaml-2.4.jar, C:\Localdata\Java\maven_repo\org\springframework\boot\spring-boot-starter-json\3.5.6\spring-boot-starter-json-3.5.6.jar, C:\Localdata\Java\maven_repo\com\fasterxml\jackson\core\jackson-databind\2.19.2\jackson-databind-2.19.2.jar, C:\Localdata\Java\maven_repo\com\fasterxml\jackson\core\jackson-annotations\2.19.2\jackson-annotations-2.19.2.jar, C:\Localdata\Java\maven_repo\com\fasterxml\jackson\core\jackson-core\2.19.2\jackson-core-2.19.2.jar, C:\Localdata\Java\maven_repo\com\fasterxml\jackson\datatype\jackson-datatype-jdk8\2.19.2\jackson-datatype-jdk8-2.19.2.jar, C:\Localdata\Java\maven_repo\com\fasterxml\jackson\datatype\jackson-datatype-jsr310\2.19.2\jackson-datatype-jsr310-2.19.2.jar, C:\Localdata\Java\maven_repo\com\fasterxml\jackson\module\jackson-module-parameter-names\2.19.2\jackson-module-parameter-names-2.19.2.jar, C:\Localdata\Java\maven_repo\org\springframework\boot\spring-boot-starter-tomcat\3.5.6\spring-boot-starter-tomcat-3.5.6.jar, C:\Localdata\Java\maven_repo\org\apache\tomcat\embed\tomcat-embed-core\10.1.46\tomcat-embed-core-10.1.46.jar, C:\Localdata\Java\maven_repo\org\apache\tomcat\embed\tomcat-embed-websocket\10.1.46\tomcat-embed-websocket-10.1.46.jar, C:\Localdata\Java\maven_repo\org\springframework\spring-web\6.2.11\spring-web-6.2.11.jar, C:\Localdata\Java\maven_repo\org\springframework\spring-beans\6.2.11\spring-beans-6.2.11.jar, C:\Localdata\Java\maven_repo\org\springframework\spring-webmvc\6.2.11\spring-webmvc-6.2.11.jar, C:\Localdata\Java\maven_repo\org\springframework\spring-aop\6.2.11\spring-aop-6.2.11.jar, C:\Localdata\Java\maven_repo\org\springframework\spring-context\6.2.11\spring-context-6.2.11.jar, C:\Localdata\Java\maven_repo\org\springframework\spring-expression\6.2.11\spring-expression-6.2.11.jar, C:\Localdata\Java\maven_repo\org\springframework\boot\spring-boot-starter-validation\3.5.6\spring-boot-starter-validation-3.5.6.jar, C:\Localdata\Java\maven_repo\org\apache\tomcat\embed\tomcat-embed-el\10.1.46\tomcat-embed-el-10.1.46.jar, C:\Localdata\Java\maven_repo\org\hibernate\validator\hibernate-validator\8.0.3.Final\hibernate-validator-8.0.3.Final.jar, C:\Localdata\Java\maven_repo\jakarta\validation\jakarta.validation-api\3.0.2\jakarta.validation-api-3.0.2.jar, C:\Localdata\Java\maven_repo\org\jboss\logging\jboss-logging\3.6.1.Final\jboss-logging-3.6.1.Final.jar, C:\Localdata\Java\maven_repo\com\fasterxml\classmate\1.7.0\classmate-1.7.0.jar, C:\Localdata\Java\maven_repo\org\springframework\boot\spring-boot-starter-actuator\3.5.6\spring-boot-starter-actuator-3.5.6.jar, C:\Localdata\Java\maven_repo\org\springframework\boot\spring-boot-actuator-autoconfigure\3.5.6\spring-boot-actuator-autoconfigure-3.5.6.jar, C:\Localdata\Java\maven_repo\org\springframework\boot\spring-boot-actuator\3.5.6\spring-boot-actuator-3.5.6.jar, C:\Localdata\Java\maven_repo\io\micrometer\micrometer-observation\1.15.4\micrometer-observation-1.15.4.jar, C:\Localdata\Java\maven_repo\io\micrometer\micrometer-commons\1.15.4\micrometer-commons-1.15.4.jar, C:\Localdata\Java\maven_repo\io\micrometer\micrometer-jakarta9\1.15.4\micrometer-jakarta9-1.15.4.jar, C:\Localdata\Java\maven_repo\io\micrometer\micrometer-core\1.15.4\micrometer-core-1.15.4.jar, C:\Localdata\Java\maven_repo\org\hdrhistogram\HdrHistogram\2.2.2\HdrHistogram-2.2.2.jar, C:\Localdata\Java\maven_repo\org\latencyutils\LatencyUtils\2.0.3\LatencyUtils-2.0.3.jar, C:\Localdata\Java\maven_repo\org\springframework\boot\spring-boot-configuration-processor\3.5.6\spring-boot-configuration-processor-3.5.6.jar, C:\Localdata\Java\maven_repo\org\springframework\boot\spring-boot-starter-test\3.5.6\spring-boot-starter-test-3.5.6.jar, C:\Localdata\Java\maven_repo\org\springframework\boot\spring-boot-test\3.5.6\spring-boot-test-3.5.6.jar, C:\Localdata\Java\maven_repo\org\springframework\boot\spring-boot-test-autoconfigure\3.5.6\spring-boot-test-autoconfigure-3.5.6.jar, C:\Localdata\Java\maven_repo\com\jayway\jsonpath\json-path\2.9.0\json-path-2.9.0.jar, C:\Localdata\Java\maven_repo\org\slf4j\slf4j-api\2.0.17\slf4j-api-2.0.17.jar, C:\Localdata\Java\maven_repo\jakarta\xml\bind\jakarta.xml.bind-api\4.0.2\jakarta.xml.bind-api-4.0.2.jar, C:\Localdata\Java\maven_repo\jakarta\activation\jakarta.activation-api\2.1.4\jakarta.activation-api-2.1.4.jar, C:\Localdata\Java\maven_repo\net\minidev\json-smart\2.5.2\json-smart-2.5.2.jar, C:\Localdata\Java\maven_repo\net\minidev\accessors-smart\2.5.2\accessors-smart-2.5.2.jar, C:\Localdata\Java\maven_repo\org\ow2\asm\asm\9.7.1\asm-9.7.1.jar, C:\Localdata\Java\maven_repo\org\assertj\assertj-core\3.27.4\assertj-core-3.27.4.jar, C:\Localdata\Java\maven_repo\net\bytebuddy\byte-buddy\1.17.7\byte-buddy-1.17.7.jar, C:\Localdata\Java\maven_repo\org\awaitility\awaitility\4.2.2\awaitility-4.2.2.jar, C:\Localdata\Java\maven_repo\org\hamcrest\hamcrest\3.0\hamcrest-3.0.jar, C:\Localdata\Java\maven_repo\org\junit\jupiter\junit-jupiter\5.12.2\junit-jupiter-5.12.2.jar, C:\Localdata\Java\maven_repo\org\junit\jupiter\junit-jupiter-api\5.12.2\junit-jupiter-api-5.12.2.jar, C:\Localdata\Java\maven_repo\org\opentest4j\opentest4j\1.3.0\opentest4j-1.3.0.jar, C:\Localdata\Java\maven_repo\org\junit\platform\junit-platform-commons\1.12.2\junit-platform-commons-1.12.2.jar, C:\Localdata\Java\maven_repo\org\apiguardian\apiguardian-api\1.1.2\apiguardian-api-1.1.2.jar, C:\Localdata\Java\maven_repo\org\junit\jupiter\junit-jupiter-params\5.12.2\junit-jupiter-params-5.12.2.jar, C:\Localdata\Java\maven_repo\org\junit\jupiter\junit-jupiter-engine\5.12.2\junit-jupiter-engine-5.12.2.jar, C:\Localdata\Java\maven_repo\org\junit\platform\junit-platform-engine\1.12.2\junit-platform-engine-1.12.2.jar, C:\Localdata\Java\maven_repo\org\mockito\mockito-core\5.17.0\mockito-core-5.17.0.jar, C:\Localdata\Java\maven_repo\net\bytebuddy\byte-buddy-agent\1.17.7\byte-buddy-agent-1.17.7.jar, C:\Localdata\Java\maven_repo\org\objenesis\objenesis\3.3\objenesis-3.3.jar, C:\Localdata\Java\maven_repo\org\mockito\mockito-junit-jupiter\5.17.0\mockito-junit-jupiter-5.17.0.jar, C:\Localdata\Java\maven_repo\org\skyscreamer\jsonassert\1.5.3\jsonassert-1.5.3.jar, C:\Localdata\Java\maven_repo\com\vaadin\external\google\android-json\0.0.20131108.vaadin1\android-json-0.0.20131108.vaadin1.jar, C:\Localdata\Java\maven_repo\org\springframework\spring-core\6.2.11\spring-core-6.2.11.jar, C:\Localdata\Java\maven_repo\org\springframework\spring-jcl\6.2.11\spring-jcl-6.2.11.jar, C:\Localdata\Java\maven_repo\org\springframework\spring-test\6.2.11\spring-test-6.2.11.jar, C:\Localdata\Java\maven_repo\org\xmlunit\xmlunit-core\2.10.4\xmlunit-core-2.10.4.jar]
[DEBUG]   (f) useIncrementalCompilation = true
[DEBUG]   (f) useModulePath = true
[DEBUG]   (f) verbose = false
[DEBUG] -- end configuration --
[DEBUG] Using compiler 'javac'.
[DEBUG] Adding D:\code\ai_enabled_analytics\ai-enabled-analytics-v3\app-ui\opo-monitoring\target\generated-test-sources\test-annotations to test-compile source roots:
  D:\code\ai_enabled_analytics\ai-enabled-analytics-v3\app-ui\opo-monitoring\src\test\java
[DEBUG] New test-compile source roots:
  D:\code\ai_enabled_analytics\ai-enabled-analytics-v3\app-ui\opo-monitoring\src\test\java
  D:\code\ai_enabled_analytics\ai-enabled-analytics-v3\app-ui\opo-monitoring\target\generated-test-sources\test-annotations
[DEBUG] CompilerReuseStrategy: reuseCreated
[DEBUG] useIncrementalCompilation enabled
[INFO] Nothing to compile - all classes are up to date.
[INFO] 
[INFO] --- surefire:3.5.4:test (default-test) @ opo-monitoring-bff ---
[DEBUG] Resolving artifact org.apache.maven.surefire:surefire-api:pom:3.5.4 from [lis-artifactory-virtual (https://apps-artifactory.asml.com/artifactory/lis-mvn-virtual, default, releases+snapshots), lswf-mvn-virtual (https://apps-artifactory.asml.com/artifactory/lswf-mvn-virtual, default, releases+snapshots)]
[DEBUG] Resolving artifact org.apache.maven.surefire:surefire-api:pom:3.5.4 from [lis-artifactory-virtual (https://apps-artifactory.asml.com/artifactory/lis-mvn-virtual, default, releases+snapshots), lswf-mvn-virtual (https://apps-artifactory.asml.com/artifactory/lswf-mvn-virtual, default, releases+snapshots)]
[DEBUG] Using transporter HttpTransporter with priority 5.0 for https://apps-artifactory.asml.com/artifactory/lis-mvn-virtual
[DEBUG] Using connector BasicRepositoryConnector with priority 0.0 for https://apps-artifactory.asml.com/artifactory/lis-mvn-virtual with username=, password=***
Downloading from lis-artifactory-virtual: https://apps-artifactory.asml.com/artifactory/lis-mvn-virtual/org/apache/maven/surefire/surefire-api/3.5.4/surefire-api-3.5.4.pom
[DEBUG] Writing tracking file 'C:\Localdata\Java\maven_repo\org\apache\maven\surefire\surefire-api\3.5.4\surefire-api-3.5.4.pom.lastUpdated'
[DEBUG] Using transporter HttpTransporter with priority 5.0 for https://apps-artifactory.asml.com/artifactory/lswf-mvn-virtual
[DEBUG] Using connector BasicRepositoryConnector with priority 0.0 for https://apps-artifactory.asml.com/artifactory/lswf-mvn-virtual with username=, password=***
Downloading from lswf-mvn-virtual: https://apps-artifactory.asml.com/artifactory/lswf-mvn-virtual/org/apache/maven/surefire/surefire-api/3.5.4/surefire-api-3.5.4.pom
[DEBUG] Writing tracking file 'C:\Localdata\Java\maven_repo\org\apache\maven\surefire\surefire-api\3.5.4\surefire-api-3.5.4.pom.lastUpdated'
[DEBUG] Resolving artifact org.apache.maven.surefire:surefire-extensions-api:pom:3.5.4 from [lis-artifactory-virtual (https://apps-artifactory.asml.com/artifactory/lis-mvn-virtual, default, releases+snapshots), lswf-mvn-virtual (https://apps-artifactory.asml.com/artifactory/lswf-mvn-virtual, default, releases+snapshots)]
[DEBUG] Resolving artifact org.apache.maven.surefire:surefire-extensions-api:pom:3.5.4 from [lis-artifactory-virtual (https://apps-artifactory.asml.com/artifactory/lis-mvn-virtual, default, releases+snapshots), lswf-mvn-virtual (https://apps-artifactory.asml.com/artifactory/lswf-mvn-virtual, default, releases+snapshots)]
[DEBUG] Using transporter HttpTransporter with priority 5.0 for https://apps-artifactory.asml.com/artifactory/lis-mvn-virtual
[DEBUG] Using connector BasicRepositoryConnector with priority 0.0 for https://apps-artifactory.asml.com/artifactory/lis-mvn-virtual with username=, password=***
Downloading from lis-artifactory-virtual: https://apps-artifactory.asml.com/artifactory/lis-mvn-virtual/org/apache/maven/surefire/surefire-extensions-api/3.5.4/surefire-extensions-api-3.5.4.pom
[DEBUG] Writing tracking file 'C:\Localdata\Java\maven_repo\org\apache\maven\surefire\surefire-extensions-api\3.5.4\surefire-extensions-api-3.5.4.pom.lastUpdated'
[DEBUG] Using transporter HttpTransporter with priority 5.0 for https://apps-artifactory.asml.com/artifactory/lswf-mvn-virtual
[DEBUG] Using connector BasicRepositoryConnector with priority 0.0 for https://apps-artifactory.asml.com/artifactory/lswf-mvn-virtual with username=, password=***
Downloading from lswf-mvn-virtual: https://apps-artifactory.asml.com/artifactory/lswf-mvn-virtual/org/apache/maven/surefire/surefire-extensions-api/3.5.4/surefire-extensions-api-3.5.4.pom
[DEBUG] Writing tracking file 'C:\Localdata\Java\maven_repo\org\apache\maven\surefire\surefire-extensions-api\3.5.4\surefire-extensions-api-3.5.4.pom.lastUpdated'
[DEBUG] Resolving artifact org.apache.maven.surefire:maven-surefire-common:pom:3.5.4 from [lis-artifactory-virtual (https://apps-artifactory.asml.com/artifactory/lis-mvn-virtual, default, releases+snapshots), lswf-mvn-virtual (https://apps-artifactory.asml.com/artifactory/lswf-mvn-virtual, default, releases+snapshots)]
[DEBUG] Resolving artifact org.apache.maven.surefire:maven-surefire-common:pom:3.5.4 from [lis-artifactory-virtual (https://apps-artifactory.asml.com/artifactory/lis-mvn-virtual, default, releases+snapshots), lswf-mvn-virtual (https://apps-artifactory.asml.com/artifactory/lswf-mvn-virtual, default, releases+snapshots)]
[DEBUG] Using transporter HttpTransporter with priority 5.0 for https://apps-artifactory.asml.com/artifactory/lis-mvn-virtual
[DEBUG] Using connector BasicRepositoryConnector with priority 0.0 for https://apps-artifactory.asml.com/artifactory/lis-mvn-virtual with username=, password=***
Downloading from lis-artifactory-virtual: https://apps-artifactory.asml.com/artifactory/lis-mvn-virtual/org/apache/maven/surefire/maven-surefire-common/3.5.4/maven-surefire-common-3.5.4.pom
[DEBUG] Writing tracking file 'C:\Localdata\Java\maven_repo\org\apache\maven\surefire\maven-surefire-common\3.5.4\maven-surefire-common-3.5.4.pom.lastUpdated'
[DEBUG] Using transporter HttpTransporter with priority 5.0 for https://apps-artifactory.asml.com/artifactory/lswf-mvn-virtual
[DEBUG] Using connector BasicRepositoryConnector with priority 0.0 for https://apps-artifactory.asml.com/artifactory/lswf-mvn-virtual with username=, password=***
Downloading from lswf-mvn-virtual: https://apps-artifactory.asml.com/artifactory/lswf-mvn-virtual/org/apache/maven/surefire/maven-surefire-common/3.5.4/maven-surefire-common-3.5.4.pom
[DEBUG] Writing tracking file 'C:\Localdata\Java\maven_repo\org\apache\maven\surefire\maven-surefire-common\3.5.4\maven-surefire-common-3.5.4.pom.lastUpdated'
[DEBUG] Dependency collection stats {ConflictMarker.analyzeTime=114500, ConflictMarker.markTime=19800, ConflictMarker.nodeCount=4, ConflictIdSorter.graphTime=81800, ConflictIdSorter.topsortTime=27300, ConflictIdSorter.conflictIdCount=4, ConflictIdSorter.conflictIdCycleCount=0, ConflictResolver.totalTime=192200, ConflictResolver.conflictItemCount=4, DfDependencyCollector.collectTime=557630100, DfDependencyCollector.transformTime=456500}
[INFO] ------------------------------------------------------------------------
[INFO] BUILD FAILURE
[INFO] ------------------------------------------------------------------------
[INFO] Total time:  1.744 s
[INFO] Finished at: 2026-09-23T16:20:50+02:00
[INFO] ------------------------------------------------------------------------
[ERROR] Failed to execute goal org.apache.maven.plugins:maven-surefire-plugin:3.5.4:test (default-test) on project opo-monitoring-bff: Execution default-test of goal org.apache.maven.plugins:maven-surefire-plugin:3.5.4:test failed: Plugin org.apache.maven.plugins:maven-surefire-plugin:3.5.4 or one of its dependencies could not be resolved: Failed to collect dependencies at org.apache.maven.plugins:maven-surefire-plugin:jar:3.5.4 -> org.apache.maven.surefire:surefire-api:jar:3.5.4: Failed to read artifact descriptor for org.apache.maven.surefire:surefire-api:jar:3.5.4: The following artifacts could not be resolved: org.apache.maven.surefire:surefire-api:pom:3.5.4 (absent): Could not transfer artifact org.apache.maven.surefire:surefire-api:pom:3.5.4 from/to lis-artifactory-virtual (https://apps-artifactory.asml.com/artifactory/lis-mvn-virtual): (certificate_unknown) PKIX path building failed: sun.security.provider.certpath.SunCertPathBuilderException: unable to find valid certification path to requested target -> [Help 1]
org.apache.maven.lifecycle.LifecycleExecutionException: Failed to execute goal org.apache.maven.plugins:maven-surefire-plugin:3.5.4:test (default-test) on project opo-monitoring-bff: Execution default-test of goal org.apache.maven.plugins:maven-surefire-plugin:3.5.4:test failed: Plugin org.apache.maven.plugins:maven-surefire-plugin:3.5.4 or one of its dependencies could not be resolved: Failed to collect dependencies at org.apache.maven.plugins:maven-surefire-plugin:jar:3.5.4 -> org.apache.maven.surefire:surefire-api:jar:3.5.4
    at org.apache.maven.lifecycle.internal.MojoExecutor.doExecute2 (MojoExecutor.java:333)
    at org.apache.maven.lifecycle.internal.MojoExecutor.doExecute (MojoExecutor.java:316)
    at org.apache.maven.lifecycle.internal.MojoExecutor.execute (MojoExecutor.java:212)
    at org.apache.maven.lifecycle.internal.MojoExecutor.execute (MojoExecutor.java:174)
    at org.apache.maven.lifecycle.internal.MojoExecutor.access$000 (MojoExecutor.java:75)
    at org.apache.maven.lifecycle.internal.MojoExecutor$1.run (MojoExecutor.java:162)
    at org.apache.maven.plugin.DefaultMojosExecutionStrategy.execute (DefaultMojosExecutionStrategy.java:39)
    at org.apache.maven.lifecycle.internal.MojoExecutor.execute (MojoExecutor.java:159)
    at org.apache.maven.lifecycle.internal.LifecycleModuleBuilder.buildProject (LifecycleModuleBuilder.java:105)
    at org.apache.maven.lifecycle.internal.LifecycleModuleBuilder.buildProject (LifecycleModuleBuilder.java:73)
    at org.apache.maven.lifecycle.internal.builder.singlethreaded.SingleThreadedBuilder.build (SingleThreadedBuilder.java:53)
    at org.apache.maven.lifecycle.internal.LifecycleStarter.execute (LifecycleStarter.java:118)
    at org.apache.maven.DefaultMaven.doExecute (DefaultMaven.java:261)
    at org.apache.maven.DefaultMaven.doExecute (DefaultMaven.java:173)
    at org.apache.maven.DefaultMaven.execute (DefaultMaven.java:101)
    at org.apache.maven.cli.MavenCli.execute (MavenCli.java:906)
    at org.apache.maven.cli.MavenCli.doMain (MavenCli.java:283)
    at org.apache.maven.cli.MavenCli.main (MavenCli.java:206)
    at jdk.internal.reflect.DirectMethodHandleAccessor.invoke (DirectMethodHandleAccessor.java:104)
    at java.lang.reflect.Method.invoke (Method.java:565)
    at org.codehaus.plexus.classworlds.launcher.Launcher.launchEnhanced (Launcher.java:283)
    at org.codehaus.plexus.classworlds.launcher.Launcher.launch (Launcher.java:226)
    at org.codehaus.plexus.classworlds.launcher.Launcher.mainWithExitCode (Launcher.java:407)
    at org.codehaus.plexus.classworlds.launcher.Launcher.main (Launcher.java:348)
Caused by: org.apache.maven.plugin.PluginExecutionException: Execution default-test of goal org.apache.maven.plugins:maven-surefire-plugin:3.5.4:test failed: Plugin org.apache.maven.plugins:maven-surefire-plugin:3.5.4 or one of its dependencies could not be resolved: Failed to collect dependencies at org.apache.maven.plugins:maven-surefire-plugin:jar:3.5.4 -> org.apache.maven.surefire:surefire-api:jar:3.5.4
    at org.apache.maven.plugin.DefaultBuildPluginManager.executeMojo (DefaultBuildPluginManager.java:100)
    at org.apache.maven.lifecycle.internal.MojoExecutor.doExecute2 (MojoExecutor.java:328)
    at org.apache.maven.lifecycle.internal.MojoExecutor.doExecute (MojoExecutor.java:316)
    at org.apache.maven.lifecycle.internal.MojoExecutor.execute (MojoExecutor.java:212)
    at org.apache.maven.lifecycle.internal.MojoExecutor.execute (MojoExecutor.java:174)
    at org.apache.maven.lifecycle.internal.MojoExecutor.access$000 (MojoExecutor.java:75)
    at org.apache.maven.lifecycle.internal.MojoExecutor$1.run (MojoExecutor.java:162)
    at org.apache.maven.plugin.DefaultMojosExecutionStrategy.execute (DefaultMojosExecutionStrategy.java:39)
    at org.apache.maven.lifecycle.internal.MojoExecutor.execute (MojoExecutor.java:159)
    at org.apache.maven.lifecycle.internal.LifecycleModuleBuilder.buildProject (LifecycleModuleBuilder.java:105)
    at org.apache.maven.lifecycle.internal.LifecycleModuleBuilder.buildProject (LifecycleModuleBuilder.java:73)
    at org.apache.maven.lifecycle.internal.builder.singlethreaded.SingleThreadedBuilder.build (SingleThreadedBuilder.java:53)
    at org.apache.maven.lifecycle.internal.LifecycleStarter.execute (LifecycleStarter.java:118)
    at org.apache.maven.DefaultMaven.doExecute (DefaultMaven.java:261)
    at org.apache.maven.DefaultMaven.doExecute (DefaultMaven.java:173)
    at org.apache.maven.DefaultMaven.execute (DefaultMaven.java:101)
    at org.apache.maven.cli.MavenCli.execute (MavenCli.java:906)
    at org.apache.maven.cli.MavenCli.doMain (MavenCli.java:283)
    at org.apache.maven.cli.MavenCli.main (MavenCli.java:206)
    at jdk.internal.reflect.DirectMethodHandleAccessor.invoke (DirectMethodHandleAccessor.java:104)
    at java.lang.reflect.Method.invoke (Method.java:565)
    at org.codehaus.plexus.classworlds.launcher.Launcher.launchEnhanced (Launcher.java:283)
    at org.codehaus.plexus.classworlds.launcher.Launcher.launch (Launcher.java:226)
    at org.codehaus.plexus.classworlds.launcher.Launcher.mainWithExitCode (Launcher.java:407)
    at org.codehaus.plexus.classworlds.launcher.Launcher.main (Launcher.java:348)
Caused by: org.apache.maven.plugin.PluginResolutionException: Plugin org.apache.maven.plugins:maven-surefire-plugin:3.5.4 or one of its dependencies could not be resolved: Failed to collect dependencies at org.apache.maven.plugins:maven-surefire-plugin:jar:3.5.4 -> org.apache.maven.surefire:surefire-api:jar:3.5.4
    at org.apache.maven.plugin.internal.DefaultPluginDependenciesResolver.resolveInternal (DefaultPluginDependenciesResolver.java:221)
    at org.apache.maven.plugin.internal.DefaultPluginDependenciesResolver.resolve (DefaultPluginDependenciesResolver.java:165)
    at org.apache.maven.plugin.internal.DefaultMavenPluginManager.createPluginRealm (DefaultMavenPluginManager.java:377)
    at org.apache.maven.plugin.internal.DefaultMavenPluginManager.lambda$setupPluginRealm$1 (DefaultMavenPluginManager.java:340)
    at org.apache.maven.plugin.DefaultPluginRealmCache.lambda$get$0 (DefaultPluginRealmCache.java:156)
    at java.util.concurrent.ConcurrentHashMap.computeIfAbsent (ConcurrentHashMap.java:1724)
    at org.apache.maven.plugin.DefaultPluginRealmCache.get (DefaultPluginRealmCache.java:154)
    at org.apache.maven.plugin.internal.DefaultMavenPluginManager.setupPluginRealm (DefaultMavenPluginManager.java:339)
    at org.apache.maven.plugin.DefaultBuildPluginManager.getPluginRealm (DefaultBuildPluginManager.java:205)
    at org.apache.maven.plugin.DefaultBuildPluginManager.executeMojo (DefaultBuildPluginManager.java:98)
    at org.apache.maven.lifecycle.internal.MojoExecutor.doExecute2 (MojoExecutor.java:328)
    at org.apache.maven.lifecycle.internal.MojoExecutor.doExecute (MojoExecutor.java:316)
    at org.apache.maven.lifecycle.internal.MojoExecutor.execute (MojoExecutor.java:212)
    at org.apache.maven.lifecycle.internal.MojoExecutor.execute (MojoExecutor.java:174)
    at org.apache.maven.lifecycle.internal.MojoExecutor.access$000 (MojoExecutor.java:75)
    at org.apache.maven.lifecycle.internal.MojoExecutor$1.run (MojoExecutor.java:162)
    at org.apache.maven.plugin.DefaultMojosExecutionStrategy.execute (DefaultMojosExecutionStrategy.java:39)
    at org.apache.maven.lifecycle.internal.MojoExecutor.execute (MojoExecutor.java:159)
    at org.apache.maven.lifecycle.internal.LifecycleModuleBuilder.buildProject (LifecycleModuleBuilder.java:105)
    at org.apache.maven.lifecycle.internal.LifecycleModuleBuilder.buildProject (LifecycleModuleBuilder.java:73)
    at org.apache.maven.lifecycle.internal.builder.singlethreaded.SingleThreadedBuilder.build (SingleThreadedBuilder.java:53)
    at org.apache.maven.lifecycle.internal.LifecycleStarter.execute (LifecycleStarter.java:118)
    at org.apache.maven.DefaultMaven.doExecute (DefaultMaven.java:261)
    at org.apache.maven.DefaultMaven.doExecute (DefaultMaven.java:173)
    at org.apache.maven.DefaultMaven.execute (DefaultMaven.java:101)
    at org.apache.maven.cli.MavenCli.execute (MavenCli.java:906)
    at org.apache.maven.cli.MavenCli.doMain (MavenCli.java:283)
    at org.apache.maven.cli.MavenCli.main (MavenCli.java:206)
    at jdk.internal.reflect.DirectMethodHandleAccessor.invoke (DirectMethodHandleAccessor.java:104)
    at java.lang.reflect.Method.invoke (Method.java:565)
    at org.codehaus.plexus.classworlds.launcher.Launcher.launchEnhanced (Launcher.java:283)
    at org.codehaus.plexus.classworlds.launcher.Launcher.launch (Launcher.java:226)
    at org.codehaus.plexus.classworlds.launcher.Launcher.mainWithExitCode (Launcher.java:407)
    at org.codehaus.plexus.classworlds.launcher.Launcher.main (Launcher.java:348)
Caused by: org.eclipse.aether.collection.DependencyCollectionException: Failed to collect dependencies at org.apache.maven.plugins:maven-surefire-plugin:jar:3.5.4 -> org.apache.maven.surefire:surefire-api:jar:3.5.4
    at org.eclipse.aether.internal.impl.collect.DependencyCollectorDelegate.collectDependencies (DependencyCollectorDelegate.java:260)
    at org.eclipse.aether.internal.impl.collect.DefaultDependencyCollector.collectDependencies (DefaultDependencyCollector.java:87)
    at org.eclipse.aether.internal.impl.DefaultRepositorySystem.collectDependencies (DefaultRepositorySystem.java:306)
    at org.apache.maven.plugin.internal.DefaultPluginDependenciesResolver.resolveInternal (DefaultPluginDependenciesResolver.java:212)
    at org.apache.maven.plugin.internal.DefaultPluginDependenciesResolver.resolve (DefaultPluginDependenciesResolver.java:165)
    at org.apache.maven.plugin.internal.DefaultMavenPluginManager.createPluginRealm (DefaultMavenPluginManager.java:377)
    at org.apache.maven.plugin.internal.DefaultMavenPluginManager.lambda$setupPluginRealm$1 (DefaultMavenPluginManager.java:340)
    at org.apache.maven.plugin.DefaultPluginRealmCache.lambda$get$0 (DefaultPluginRealmCache.java:156)
    at java.util.concurrent.ConcurrentHashMap.computeIfAbsent (ConcurrentHashMap.java:1724)
    at org.apache.maven.plugin.DefaultPluginRealmCache.get (DefaultPluginRealmCache.java:154)
    at org.apache.maven.plugin.internal.DefaultMavenPluginManager.setupPluginRealm (DefaultMavenPluginManager.java:339)
    at org.apache.maven.plugin.DefaultBuildPluginManager.getPluginRealm (DefaultBuildPluginManager.java:205)
    at org.apache.maven.plugin.DefaultBuildPluginManager.executeMojo (DefaultBuildPluginManager.java:98)
    at org.apache.maven.lifecycle.internal.MojoExecutor.doExecute2 (MojoExecutor.java:328)
    at org.apache.maven.lifecycle.internal.MojoExecutor.doExecute (MojoExecutor.java:316)
    at org.apache.maven.lifecycle.internal.MojoExecutor.execute (MojoExecutor.java:212)
    at org.apache.maven.lifecycle.internal.MojoExecutor.execute (MojoExecutor.java:174)
    at org.apache.maven.lifecycle.internal.MojoExecutor.access$000 (MojoExecutor.java:75)
    at org.apache.maven.lifecycle.internal.MojoExecutor$1.run (MojoExecutor.java:162)
    at org.apache.maven.plugin.DefaultMojosExecutionStrategy.execute (DefaultMojosExecutionStrategy.java:39)
    at org.apache.maven.lifecycle.internal.MojoExecutor.execute (MojoExecutor.java:159)
    at org.apache.maven.lifecycle.internal.LifecycleModuleBuilder.buildProject (LifecycleModuleBuilder.java:105)
    at org.apache.maven.lifecycle.internal.LifecycleModuleBuilder.buildProject (LifecycleModuleBuilder.java:73)
    at org.apache.maven.lifecycle.internal.builder.singlethreaded.SingleThreadedBuilder.build (SingleThreadedBuilder.java:53)
    at org.apache.maven.lifecycle.internal.LifecycleStarter.execute (LifecycleStarter.java:118)
    at org.apache.maven.DefaultMaven.doExecute (DefaultMaven.java:261)
    at org.apache.maven.DefaultMaven.doExecute (DefaultMaven.java:173)
    at org.apache.maven.DefaultMaven.execute (DefaultMaven.java:101)
    at org.apache.maven.cli.MavenCli.execute (MavenCli.java:906)
    at org.apache.maven.cli.MavenCli.doMain (MavenCli.java:283)
    at org.apache.maven.cli.MavenCli.main (MavenCli.java:206)
    at jdk.internal.reflect.DirectMethodHandleAccessor.invoke (DirectMethodHandleAccessor.java:104)
    at java.lang.reflect.Method.invoke (Method.java:565)
    at org.codehaus.plexus.classworlds.launcher.Launcher.launchEnhanced (Launcher.java:283)
    at org.codehaus.plexus.classworlds.launcher.Launcher.launch (Launcher.java:226)
    at org.codehaus.plexus.classworlds.launcher.Launcher.mainWithExitCode (Launcher.java:407)
    at org.codehaus.plexus.classworlds.launcher.Launcher.main (Launcher.java:348)
Caused by: org.eclipse.aether.resolution.ArtifactDescriptorException: Failed to read artifact descriptor for org.apache.maven.surefire:surefire-api:jar:3.5.4
    at org.apache.maven.repository.internal.DefaultArtifactDescriptorReader.loadPom (DefaultArtifactDescriptorReader.java:245)
    at org.apache.maven.repository.internal.DefaultArtifactDescriptorReader.readArtifactDescriptor (DefaultArtifactDescriptorReader.java:175)
    at org.eclipse.aether.internal.impl.collect.df.DfDependencyCollector.resolveCachedArtifactDescriptor (DfDependencyCollector.java:382)
    at org.eclipse.aether.internal.impl.collect.df.DfDependencyCollector.getArtifactDescriptorResult (DfDependencyCollector.java:368)
    at org.eclipse.aether.internal.impl.collect.df.DfDependencyCollector.processDependency (DfDependencyCollector.java:218)
    at org.eclipse.aether.internal.impl.collect.df.DfDependencyCollector.processDependency (DfDependencyCollector.java:156)
    at org.eclipse.aether.internal.impl.collect.df.DfDependencyCollector.process (DfDependencyCollector.java:138)
    at org.eclipse.aether.internal.impl.collect.df.DfDependencyCollector.doCollectDependencies (DfDependencyCollector.java:108)
    at org.eclipse.aether.internal.impl.collect.DependencyCollectorDelegate.collectDependencies (DependencyCollectorDelegate.java:222)
    at org.eclipse.aether.internal.impl.collect.DefaultDependencyCollector.collectDependencies (DefaultDependencyCollector.java:87)
    at org.eclipse.aether.internal.impl.DefaultRepositorySystem.collectDependencies (DefaultRepositorySystem.java:306)
    at org.apache.maven.plugin.internal.DefaultPluginDependenciesResolver.resolveInternal (DefaultPluginDependenciesResolver.java:212)
    at org.apache.maven.plugin.internal.DefaultPluginDependenciesResolver.resolve (DefaultPluginDependenciesResolver.java:165)
    at org.apache.maven.plugin.internal.DefaultMavenPluginManager.createPluginRealm (DefaultMavenPluginManager.java:377)
    at org.apache.maven.plugin.internal.DefaultMavenPluginManager.lambda$setupPluginRealm$1 (DefaultMavenPluginManager.java:340)
    at org.apache.maven.plugin.DefaultPluginRealmCache.lambda$get$0 (DefaultPluginRealmCache.java:156)
    at java.util.concurrent.ConcurrentHashMap.computeIfAbsent (ConcurrentHashMap.java:1724)
    at org.apache.maven.plugin.DefaultPluginRealmCache.get (DefaultPluginRealmCache.java:154)
    at org.apache.maven.plugin.internal.DefaultMavenPluginManager.setupPluginRealm (DefaultMavenPluginManager.java:339)
    at org.apache.maven.plugin.DefaultBuildPluginManager.getPluginRealm (DefaultBuildPluginManager.java:205)
    at org.apache.maven.plugin.DefaultBuildPluginManager.executeMojo (DefaultBuildPluginManager.java:98)
    at org.apache.maven.lifecycle.internal.MojoExecutor.doExecute2 (MojoExecutor.java:328)
    at org.apache.maven.lifecycle.internal.MojoExecutor.doExecute (MojoExecutor.java:316)
    at org.apache.maven.lifecycle.internal.MojoExecutor.execute (MojoExecutor.java:212)
    at org.apache.maven.lifecycle.internal.MojoExecutor.execute (MojoExecutor.java:174)
    at org.apache.maven.lifecycle.internal.MojoExecutor.access$000 (MojoExecutor.java:75)
    at org.apache.maven.lifecycle.internal.MojoExecutor$1.run (MojoExecutor.java:162)
    at org.apache.maven.plugin.DefaultMojosExecutionStrategy.execute (DefaultMojosExecutionStrategy.java:39)
    at org.apache.maven.lifecycle.internal.MojoExecutor.execute (MojoExecutor.java:159)
    at org.apache.maven.lifecycle.internal.LifecycleModuleBuilder.buildProject (LifecycleModuleBuilder.java:105)
    at org.apache.maven.lifecycle.internal.LifecycleModuleBuilder.buildProject (LifecycleModuleBuilder.java:73)
    at org.apache.maven.lifecycle.internal.builder.singlethreaded.SingleThreadedBuilder.build (SingleThreadedBuilder.java:53)
    at org.apache.maven.lifecycle.internal.LifecycleStarter.execute (LifecycleStarter.java:118)
    at org.apache.maven.DefaultMaven.doExecute (DefaultMaven.java:261)
    at org.apache.maven.DefaultMaven.doExecute (DefaultMaven.java:173)
    at org.apache.maven.DefaultMaven.execute (DefaultMaven.java:101)
    at org.apache.maven.cli.MavenCli.execute (MavenCli.java:906)
    at org.apache.maven.cli.MavenCli.doMain (MavenCli.java:283)
    at org.apache.maven.cli.MavenCli.main (MavenCli.java:206)
    at jdk.internal.reflect.DirectMethodHandleAccessor.invoke (DirectMethodHandleAccessor.java:104)
    at java.lang.reflect.Method.invoke (Method.java:565)
    at org.codehaus.plexus.classworlds.launcher.Launcher.launchEnhanced (Launcher.java:283)
    at org.codehaus.plexus.classworlds.launcher.Launcher.launch (Launcher.java:226)
    at org.codehaus.plexus.classworlds.launcher.Launcher.mainWithExitCode (Launcher.java:407)
    at org.codehaus.plexus.classworlds.launcher.Launcher.main (Launcher.java:348)
Caused by: org.eclipse.aether.resolution.ArtifactResolutionException: The following artifacts could not be resolved: org.apache.maven.surefire:surefire-api:pom:3.5.4 (absent): Could not transfer artifact org.apache.maven.surefire:surefire-api:pom:3.5.4 from/to lis-artifactory-virtual (https://apps-artifactory.asml.com/artifactory/lis-mvn-virtual): (certificate_unknown) PKIX path building failed: sun.security.provider.certpath.SunCertPathBuilderException: unable to find valid certification path to requested target
    at org.eclipse.aether.internal.impl.DefaultArtifactResolver.resolve (DefaultArtifactResolver.java:473)
    at org.eclipse.aether.internal.impl.DefaultArtifactResolver.resolveArtifacts (DefaultArtifactResolver.java:261)
    at org.eclipse.aether.internal.impl.DefaultArtifactResolver.resolveArtifact (DefaultArtifactResolver.java:243)
    at org.apache.maven.repository.internal.DefaultArtifactDescriptorReader.loadPom (DefaultArtifactDescriptorReader.java:234)
    at org.apache.maven.repository.internal.DefaultArtifactDescriptorReader.readArtifactDescriptor (DefaultArtifactDescriptorReader.java:175)
    at org.eclipse.aether.internal.impl.collect.df.DfDependencyCollector.resolveCachedArtifactDescriptor (DfDependencyCollector.java:382)
    at org.eclipse.aether.internal.impl.collect.df.DfDependencyCollector.getArtifactDescriptorResult (DfDependencyCollector.java:368)
    at org.eclipse.aether.internal.impl.collect.df.DfDependencyCollector.processDependency (DfDependencyCollector.java:218)
    at org.eclipse.aether.internal.impl.collect.df.DfDependencyCollector.processDependency (DfDependencyCollector.java:156)
    at org.eclipse.aether.internal.impl.collect.df.DfDependencyCollector.process (DfDependencyCollector.java:138)
    at org.eclipse.aether.internal.impl.collect.df.DfDependencyCollector.doCollectDependencies (DfDependencyCollector.java:108)
    at org.eclipse.aether.internal.impl.collect.DependencyCollectorDelegate.collectDependencies (DependencyCollectorDelegate.java:222)
    at org.eclipse.aether.internal.impl.collect.DefaultDependencyCollector.collectDependencies (DefaultDependencyCollector.java:87)
    at org.eclipse.aether.internal.impl.DefaultRepositorySystem.collectDependencies (DefaultRepositorySystem.java:306)
    at org.apache.maven.plugin.internal.DefaultPluginDependenciesResolver.resolveInternal (DefaultPluginDependenciesResolver.java:212)
    at org.apache.maven.plugin.internal.DefaultPluginDependenciesResolver.resolve (DefaultPluginDependenciesResolver.java:165)
    at org.apache.maven.plugin.internal.DefaultMavenPluginManager.createPluginRealm (DefaultMavenPluginManager.java:377)
    at org.apache.maven.plugin.internal.DefaultMavenPluginManager.lambda$setupPluginRealm$1 (DefaultMavenPluginManager.java:340)
    at org.apache.maven.plugin.DefaultPluginRealmCache.lambda$get$0 (DefaultPluginRealmCache.java:156)
    at java.util.concurrent.ConcurrentHashMap.computeIfAbsent (ConcurrentHashMap.java:1724)
    at org.apache.maven.plugin.DefaultPluginRealmCache.get (DefaultPluginRealmCache.java:154)
    at org.apache.maven.plugin.internal.DefaultMavenPluginManager.setupPluginRealm (DefaultMavenPluginManager.java:339)
    at org.apache.maven.plugin.DefaultBuildPluginManager.getPluginRealm (DefaultBuildPluginManager.java:205)
    at org.apache.maven.plugin.DefaultBuildPluginManager.executeMojo (DefaultBuildPluginManager.java:98)
    at org.apache.maven.lifecycle.internal.MojoExecutor.doExecute2 (MojoExecutor.java:328)
    at org.apache.maven.lifecycle.internal.MojoExecutor.doExecute (MojoExecutor.java:316)
    at org.apache.maven.lifecycle.internal.MojoExecutor.execute (MojoExecutor.java:212)
    at org.apache.maven.lifecycle.internal.MojoExecutor.execute (MojoExecutor.java:174)
    at org.apache.maven.lifecycle.internal.MojoExecutor.access$000 (MojoExecutor.java:75)
    at org.apache.maven.lifecycle.internal.MojoExecutor$1.run (MojoExecutor.java:162)
    at org.apache.maven.plugin.DefaultMojosExecutionStrategy.execute (DefaultMojosExecutionStrategy.java:39)
    at org.apache.maven.lifecycle.internal.MojoExecutor.execute (MojoExecutor.java:159)
    at org.apache.maven.lifecycle.internal.LifecycleModuleBuilder.buildProject (LifecycleModuleBuilder.java:105)
    at org.apache.maven.lifecycle.internal.LifecycleModuleBuilder.buildProject (LifecycleModuleBuilder.java:73)
    at org.apache.maven.lifecycle.internal.builder.singlethreaded.SingleThreadedBuilder.build (SingleThreadedBuilder.java:53)
    at org.apache.maven.lifecycle.internal.LifecycleStarter.execute (LifecycleStarter.java:118)
    at org.apache.maven.DefaultMaven.doExecute (DefaultMaven.java:261)
    at org.apache.maven.DefaultMaven.doExecute (DefaultMaven.java:173)
    at org.apache.maven.DefaultMaven.execute (DefaultMaven.java:101)
    at org.apache.maven.cli.MavenCli.execute (MavenCli.java:906)
    at org.apache.maven.cli.MavenCli.doMain (MavenCli.java:283)
    at org.apache.maven.cli.MavenCli.main (MavenCli.java:206)
    at jdk.internal.reflect.DirectMethodHandleAccessor.invoke (DirectMethodHandleAccessor.java:104)
    at java.lang.reflect.Method.invoke (Method.java:565)
    at org.codehaus.plexus.classworlds.launcher.Launcher.launchEnhanced (Launcher.java:283)
    at org.codehaus.plexus.classworlds.launcher.Launcher.launch (Launcher.java:226)
    at org.codehaus.plexus.classworlds.launcher.Launcher.mainWithExitCode (Launcher.java:407)
    at org.codehaus.plexus.classworlds.launcher.Launcher.main (Launcher.java:348)
Caused by: org.eclipse.aether.transfer.ArtifactTransferException: Could not transfer artifact org.apache.maven.surefire:surefire-api:pom:3.5.4 from/to lis-artifactory-virtual (https://apps-artifactory.asml.com/artifactory/lis-mvn-virtual): (certificate_unknown) PKIX path building failed: sun.security.provider.certpath.SunCertPathBuilderException: unable to find valid certification path to requested target
    at org.eclipse.aether.connector.basic.ArtifactTransportListener.transferFailed (ArtifactTransportListener.java:44)
    at org.eclipse.aether.connector.basic.BasicRepositoryConnector$TaskRunner.run (BasicRepositoryConnector.java:417)
    at org.eclipse.aether.connector.basic.BasicRepositoryConnector.get (BasicRepositoryConnector.java:260)
    at org.eclipse.aether.internal.impl.DefaultArtifactResolver.performDownloads (DefaultArtifactResolver.java:537)
    at org.eclipse.aether.internal.impl.DefaultArtifactResolver.resolve (DefaultArtifactResolver.java:449)
    at org.eclipse.aether.internal.impl.DefaultArtifactResolver.resolveArtifacts (DefaultArtifactResolver.java:261)
    at org.eclipse.aether.internal.impl.DefaultArtifactResolver.resolveArtifact (DefaultArtifactResolver.java:243)
    at org.apache.maven.repository.internal.DefaultArtifactDescriptorReader.loadPom (DefaultArtifactDescriptorReader.java:234)
    at org.apache.maven.repository.internal.DefaultArtifactDescriptorReader.readArtifactDescriptor (DefaultArtifactDescriptorReader.java:175)
    at org.eclipse.aether.internal.impl.collect.df.DfDependencyCollector.resolveCachedArtifactDescriptor (DfDependencyCollector.java:382)
    at org.eclipse.aether.internal.impl.collect.df.DfDependencyCollector.getArtifactDescriptorResult (DfDependencyCollector.java:368)
    at org.eclipse.aether.internal.impl.collect.df.DfDependencyCollector.processDependency (DfDependencyCollector.java:218)
    at org.eclipse.aether.internal.impl.collect.df.DfDependencyCollector.processDependency (DfDependencyCollector.java:156)
    at org.eclipse.aether.internal.impl.collect.df.DfDependencyCollector.process (DfDependencyCollector.java:138)
    at org.eclipse.aether.internal.impl.collect.df.DfDependencyCollector.doCollectDependencies (DfDependencyCollector.java:108)
    at org.eclipse.aether.internal.impl.collect.DependencyCollectorDelegate.collectDependencies (DependencyCollectorDelegate.java:222)
    at org.eclipse.aether.internal.impl.collect.DefaultDependencyCollector.collectDependencies (DefaultDependencyCollector.java:87)
    at org.eclipse.aether.internal.impl.DefaultRepositorySystem.collectDependencies (DefaultRepositorySystem.java:306)
    at org.apache.maven.plugin.internal.DefaultPluginDependenciesResolver.resolveInternal (DefaultPluginDependenciesResolver.java:212)
    at org.apache.maven.plugin.internal.DefaultPluginDependenciesResolver.resolve (DefaultPluginDependenciesResolver.java:165)
    at org.apache.maven.plugin.internal.DefaultMavenPluginManager.createPluginRealm (DefaultMavenPluginManager.java:377)
    at org.apache.maven.plugin.internal.DefaultMavenPluginManager.lambda$setupPluginRealm$1 (DefaultMavenPluginManager.java:340)
    at org.apache.maven.plugin.DefaultPluginRealmCache.lambda$get$0 (DefaultPluginRealmCache.java:156)
    at java.util.concurrent.ConcurrentHashMap.computeIfAbsent (ConcurrentHashMap.java:1724)
    at org.apache.maven.plugin.DefaultPluginRealmCache.get (DefaultPluginRealmCache.java:154)
    at org.apache.maven.plugin.internal.DefaultMavenPluginManager.setupPluginRealm (DefaultMavenPluginManager.java:339)
    at org.apache.maven.plugin.DefaultBuildPluginManager.getPluginRealm (DefaultBuildPluginManager.java:205)
    at org.apache.maven.plugin.DefaultBuildPluginManager.executeMojo (DefaultBuildPluginManager.java:98)
    at org.apache.maven.lifecycle.internal.MojoExecutor.doExecute2 (MojoExecutor.java:328)
    at org.apache.maven.lifecycle.internal.MojoExecutor.doExecute (MojoExecutor.java:316)
    at org.apache.maven.lifecycle.internal.MojoExecutor.execute (MojoExecutor.java:212)
    at org.apache.maven.lifecycle.internal.MojoExecutor.execute (MojoExecutor.java:174)
    at org.apache.maven.lifecycle.internal.MojoExecutor.access$000 (MojoExecutor.java:75)
    at org.apache.maven.lifecycle.internal.MojoExecutor$1.run (MojoExecutor.java:162)
    at org.apache.maven.plugin.DefaultMojosExecutionStrategy.execute (DefaultMojosExecutionStrategy.java:39)
    at org.apache.maven.lifecycle.internal.MojoExecutor.execute (MojoExecutor.java:159)
    at org.apache.maven.lifecycle.internal.LifecycleModuleBuilder.buildProject (LifecycleModuleBuilder.java:105)
    at org.apache.maven.lifecycle.internal.LifecycleModuleBuilder.buildProject (LifecycleModuleBuilder.java:73)
    at org.apache.maven.lifecycle.internal.builder.singlethreaded.SingleThreadedBuilder.build (SingleThreadedBuilder.java:53)
    at org.apache.maven.lifecycle.internal.LifecycleStarter.execute (LifecycleStarter.java:118)
    at org.apache.maven.DefaultMaven.doExecute (DefaultMaven.java:261)
    at org.apache.maven.DefaultMaven.doExecute (DefaultMaven.java:173)
    at org.apache.maven.DefaultMaven.execute (DefaultMaven.java:101)
    at org.apache.maven.cli.MavenCli.execute (MavenCli.java:906)
    at org.apache.maven.cli.MavenCli.doMain (MavenCli.java:283)
    at org.apache.maven.cli.MavenCli.main (MavenCli.java:206)
    at jdk.internal.reflect.DirectMethodHandleAccessor.invoke (DirectMethodHandleAccessor.java:104)
    at java.lang.reflect.Method.invoke (Method.java:565)
    at org.codehaus.plexus.classworlds.launcher.Launcher.launchEnhanced (Launcher.java:283)
    at org.codehaus.plexus.classworlds.launcher.Launcher.launch (Launcher.java:226)
    at org.codehaus.plexus.classworlds.launcher.Launcher.mainWithExitCode (Launcher.java:407)
    at org.codehaus.plexus.classworlds.launcher.Launcher.main (Launcher.java:348)
Caused by: javax.net.ssl.SSLHandshakeException: (certificate_unknown) PKIX path building failed: sun.security.provider.certpath.SunCertPathBuilderException: unable to find valid certification path to requested target
    at sun.security.ssl.Alert.createSSLException (Alert.java:130)
    at sun.security.ssl.TransportContext.fatal (TransportContext.java:376)
    at sun.security.ssl.TransportContext.fatal (TransportContext.java:319)
    at sun.security.ssl.TransportContext.fatal (TransportContext.java:314)
    at sun.security.ssl.CertificateMessage$T12CertificateConsumer.checkServerCerts (CertificateMessage.java:651)
    at sun.security.ssl.CertificateMessage$T12CertificateConsumer.onCertificate (CertificateMessage.java:471)
    at sun.security.ssl.CertificateMessage$T12CertificateConsumer.consume (CertificateMessage.java:367)
    at sun.security.ssl.SSLHandshake.consume (SSLHandshake.java:421)
    at sun.security.ssl.HandshakeContext.dispatch (HandshakeContext.java:477)
    at sun.security.ssl.HandshakeContext.dispatch (HandshakeContext.java:448)
    at sun.security.ssl.TransportContext.dispatch (TransportContext.java:199)
    at sun.security.ssl.SSLTransport.decode (SSLTransport.java:172)
    at sun.security.ssl.SSLSocketImpl.decode (SSLSocketImpl.java:1506)
    at sun.security.ssl.SSLSocketImpl.readHandshakeRecord (SSLSocketImpl.java:1421)
    at sun.security.ssl.SSLSocketImpl.startHandshake (SSLSocketImpl.java:455)
    at sun.security.ssl.SSLSocketImpl.startHandshake (SSLSocketImpl.java:426)
    at org.apache.http.conn.ssl.SSLConnectionSocketFactory.createLayeredSocket (SSLConnectionSocketFactory.java:436)
    at org.apache.http.conn.ssl.SSLConnectionSocketFactory.connectSocket (SSLConnectionSocketFactory.java:384)
    at org.apache.http.impl.conn.DefaultHttpClientConnectionOperator.connect (DefaultHttpClientConnectionOperator.java:142)
    at org.apache.http.impl.conn.PoolingHttpClientConnectionManager.connect (PoolingHttpClientConnectionManager.java:376)
    at org.apache.http.impl.execchain.MainClientExec.establishRoute (MainClientExec.java:393)
    at org.apache.http.impl.execchain.MainClientExec.execute (MainClientExec.java:236)
    at org.apache.http.impl.execchain.ProtocolExec.execute (ProtocolExec.java:186)
    at org.apache.http.impl.execchain.RetryExec.execute (RetryExec.java:89)
    at org.apache.http.impl.execchain.ServiceUnavailableRetryExec.execute (ServiceUnavailableRetryExec.java:85)
    at org.apache.http.impl.execchain.RedirectExec.execute (RedirectExec.java:110)
    at org.apache.http.impl.client.InternalHttpClient.doExecute (InternalHttpClient.java:185)
    at org.apache.http.impl.client.CloseableHttpClient.execute (CloseableHttpClient.java:72)
    at org.eclipse.aether.transport.http.HttpTransporter.execute (HttpTransporter.java:485)
    at org.eclipse.aether.transport.http.HttpTransporter.implGet (HttpTransporter.java:435)
    at org.eclipse.aether.spi.connector.transport.AbstractTransporter.get (AbstractTransporter.java:64)
    at org.eclipse.aether.connector.basic.BasicRepositoryConnector$GetTaskRunner.runTask (BasicRepositoryConnector.java:482)
    at org.eclipse.aether.connector.basic.BasicRepositoryConnector$TaskRunner.run (BasicRepositoryConnector.java:414)
    at org.eclipse.aether.connector.basic.BasicRepositoryConnector.get (BasicRepositoryConnector.java:260)
    at org.eclipse.aether.internal.impl.DefaultArtifactResolver.performDownloads (DefaultArtifactResolver.java:537)
    at org.eclipse.aether.internal.impl.DefaultArtifactResolver.resolve (DefaultArtifactResolver.java:449)
    at org.eclipse.aether.internal.impl.DefaultArtifactResolver.resolveArtifacts (DefaultArtifactResolver.java:261)
    at org.eclipse.aether.internal.impl.DefaultArtifactResolver.resolveArtifact (DefaultArtifactResolver.java:243)
    at org.apache.maven.repository.internal.DefaultArtifactDescriptorReader.loadPom (DefaultArtifactDescriptorReader.java:234)
    at org.apache.maven.repository.internal.DefaultArtifactDescriptorReader.readArtifactDescriptor (DefaultArtifactDescriptorReader.java:175)
    at org.eclipse.aether.internal.impl.collect.df.DfDependencyCollector.resolveCachedArtifactDescriptor (DfDependencyCollector.java:382)
    at org.eclipse.aether.internal.impl.collect.df.DfDependencyCollector.getArtifactDescriptorResult (DfDependencyCollector.java:368)
    at org.eclipse.aether.internal.impl.collect.df.DfDependencyCollector.processDependency (DfDependencyCollector.java:218)
    at org.eclipse.aether.internal.impl.collect.df.DfDependencyCollector.processDependency (DfDependencyCollector.java:156)
    at org.eclipse.aether.internal.impl.collect.df.DfDependencyCollector.process (DfDependencyCollector.java:138)
    at org.eclipse.aether.internal.impl.collect.df.DfDependencyCollector.doCollectDependencies (DfDependencyCollector.java:108)
    at org.eclipse.aether.internal.impl.collect.DependencyCollectorDelegate.collectDependencies (DependencyCollectorDelegate.java:222)
    at org.eclipse.aether.internal.impl.collect.DefaultDependencyCollector.collectDependencies (DefaultDependencyCollector.java:87)
    at org.eclipse.aether.internal.impl.DefaultRepositorySystem.collectDependencies (DefaultRepositorySystem.java:306)
    at org.apache.maven.plugin.internal.DefaultPluginDependenciesResolver.resolveInternal (DefaultPluginDependenciesResolver.java:212)
    at org.apache.maven.plugin.internal.DefaultPluginDependenciesResolver.resolve (DefaultPluginDependenciesResolver.java:165)
    at org.apache.maven.plugin.internal.DefaultMavenPluginManager.createPluginRealm (DefaultMavenPluginManager.java:377)
    at org.apache.maven.plugin.internal.DefaultMavenPluginManager.lambda$setupPluginRealm$1 (DefaultMavenPluginManager.java:340)
    at org.apache.maven.plugin.DefaultPluginRealmCache.lambda$get$0 (DefaultPluginRealmCache.java:156)
    at java.util.concurrent.ConcurrentHashMap.computeIfAbsent (ConcurrentHashMap.java:1724)
    at org.apache.maven.plugin.DefaultPluginRealmCache.get (DefaultPluginRealmCache.java:154)
    at org.apache.maven.plugin.internal.DefaultMavenPluginManager.setupPluginRealm (DefaultMavenPluginManager.java:339)
    at org.apache.maven.plugin.DefaultBuildPluginManager.getPluginRealm (DefaultBuildPluginManager.java:205)
    at org.apache.maven.plugin.DefaultBuildPluginManager.executeMojo (DefaultBuildPluginManager.java:98)
    at org.apache.maven.lifecycle.internal.MojoExecutor.doExecute2 (MojoExecutor.java:328)
    at org.apache.maven.lifecycle.internal.MojoExecutor.doExecute (MojoExecutor.java:316)
    at org.apache.maven.lifecycle.internal.MojoExecutor.execute (MojoExecutor.java:212)
    at org.apache.maven.lifecycle.internal.MojoExecutor.execute (MojoExecutor.java:174)
    at org.apache.maven.lifecycle.internal.MojoExecutor.access$000 (MojoExecutor.java:75)
    at org.apache.maven.lifecycle.internal.MojoExecutor$1.run (MojoExecutor.java:162)
    at org.apache.maven.plugin.DefaultMojosExecutionStrategy.execute (DefaultMojosExecutionStrategy.java:39)
    at org.apache.maven.lifecycle.internal.MojoExecutor.execute (MojoExecutor.java:159)
    at org.apache.maven.lifecycle.internal.LifecycleModuleBuilder.buildProject (LifecycleModuleBuilder.java:105)
    at org.apache.maven.lifecycle.internal.LifecycleModuleBuilder.buildProject (LifecycleModuleBuilder.java:73)
    at org.apache.maven.lifecycle.internal.builder.singlethreaded.SingleThreadedBuilder.build (SingleThreadedBuilder.java:53)
    at org.apache.maven.lifecycle.internal.LifecycleStarter.execute (LifecycleStarter.java:118)
    at org.apache.maven.DefaultMaven.doExecute (DefaultMaven.java:261)
    at org.apache.maven.DefaultMaven.doExecute (DefaultMaven.java:173)
    at org.apache.maven.DefaultMaven.execute (DefaultMaven.java:101)
    at org.apache.maven.cli.MavenCli.execute (MavenCli.java:906)
    at org.apache.maven.cli.MavenCli.doMain (MavenCli.java:283)
    at org.apache.maven.cli.MavenCli.main (MavenCli.java:206)
    at jdk.internal.reflect.DirectMethodHandleAccessor.invoke (DirectMethodHandleAccessor.java:104)
    at java.lang.reflect.Method.invoke (Method.java:565)
    at org.codehaus.plexus.classworlds.launcher.Launcher.launchEnhanced (Launcher.java:283)
    at org.codehaus.plexus.classworlds.launcher.Launcher.launch (Launcher.java:226)
    at org.codehaus.plexus.classworlds.launcher.Launcher.mainWithExitCode (Launcher.java:407)
    at org.codehaus.plexus.classworlds.launcher.Launcher.main (Launcher.java:348)
Caused by: sun.security.validator.ValidatorException: PKIX path building failed: sun.security.provider.certpath.SunCertPathBuilderException: unable to find valid certification path to requested target
    at sun.security.validator.PKIXValidator.doBuild (PKIXValidator.java:387)
    at sun.security.validator.PKIXValidator.engineValidate (PKIXValidator.java:270)
    at sun.security.validator.Validator.validate (Validator.java:256)
    at sun.security.ssl.X509TrustManagerImpl.checkTrusted (X509TrustManagerImpl.java:230)
    at sun.security.ssl.X509TrustManagerImpl.checkServerTrusted (X509TrustManagerImpl.java:132)
    at sun.security.ssl.CertificateMessage$T12CertificateConsumer.checkServerCerts (CertificateMessage.java:635)
    at sun.security.ssl.CertificateMessage$T12CertificateConsumer.onCertificate (CertificateMessage.java:471)
    at sun.security.ssl.CertificateMessage$T12CertificateConsumer.consume (CertificateMessage.java:367)
    at sun.security.ssl.SSLHandshake.consume (SSLHandshake.java:421)
    at sun.security.ssl.HandshakeContext.dispatch (HandshakeContext.java:477)
    at sun.security.ssl.HandshakeContext.dispatch (HandshakeContext.java:448)
    at sun.security.ssl.TransportContext.dispatch (TransportContext.java:199)
    at sun.security.ssl.SSLTransport.decode (SSLTransport.java:172)
    at sun.security.ssl.SSLSocketImpl.decode (SSLSocketImpl.java:1506)
    at sun.security.ssl.SSLSocketImpl.readHandshakeRecord (SSLSocketImpl.java:1421)
    at sun.security.ssl.SSLSocketImpl.startHandshake (SSLSocketImpl.java:455)
    at sun.security.ssl.SSLSocketImpl.startHandshake (SSLSocketImpl.java:426)
    at org.apache.http.conn.ssl.SSLConnectionSocketFactory.createLayeredSocket (SSLConnectionSocketFactory.java:436)
    at org.apache.http.conn.ssl.SSLConnectionSocketFactory.connectSocket (SSLConnectionSocketFactory.java:384)
    at org.apache.http.impl.conn.DefaultHttpClientConnectionOperator.connect (DefaultHttpClientConnectionOperator.java:142)
    at org.apache.http.impl.conn.PoolingHttpClientConnectionManager.connect (PoolingHttpClientConnectionManager.java:376)
    at org.apache.http.impl.execchain.MainClientExec.establishRoute (MainClientExec.java:393)
    at org.apache.http.impl.execchain.MainClientExec.execute (MainClientExec.java:236)
    at org.apache.http.impl.execchain.ProtocolExec.execute (ProtocolExec.java:186)
    at org.apache.http.impl.execchain.RetryExec.execute (RetryExec.java:89)
    at org.apache.http.impl.execchain.ServiceUnavailableRetryExec.execute (ServiceUnavailableRetryExec.java:85)
    at org.apache.http.impl.execchain.RedirectExec.execute (RedirectExec.java:110)
    at org.apache.http.impl.client.InternalHttpClient.doExecute (InternalHttpClient.java:185)
    at org.apache.http.impl.client.CloseableHttpClient.execute (CloseableHttpClient.java:72)
    at org.eclipse.aether.transport.http.HttpTransporter.execute (HttpTransporter.java:485)
    at org.eclipse.aether.transport.http.HttpTransporter.implGet (HttpTransporter.java:435)
    at org.eclipse.aether.spi.connector.transport.AbstractTransporter.get (AbstractTransporter.java:64)
    at org.eclipse.aether.connector.basic.BasicRepositoryConnector$GetTaskRunner.runTask (BasicRepositoryConnector.java:482)
    at org.eclipse.aether.connector.basic.BasicRepositoryConnector$TaskRunner.run (BasicRepositoryConnector.java:414)
    at org.eclipse.aether.connector.basic.BasicRepositoryConnector.get (BasicRepositoryConnector.java:260)
    at org.eclipse.aether.internal.impl.DefaultArtifactResolver.performDownloads (DefaultArtifactResolver.java:537)
    at org.eclipse.aether.internal.impl.DefaultArtifactResolver.resolve (DefaultArtifactResolver.java:449)
    at org.eclipse.aether.internal.impl.DefaultArtifactResolver.resolveArtifacts (DefaultArtifactResolver.java:261)
    at org.eclipse.aether.internal.impl.DefaultArtifactResolver.resolveArtifact (DefaultArtifactResolver.java:243)
    at org.apache.maven.repository.internal.DefaultArtifactDescriptorReader.loadPom (DefaultArtifactDescriptorReader.java:234)
    at org.apache.maven.repository.internal.DefaultArtifactDescriptorReader.readArtifactDescriptor (DefaultArtifactDescriptorReader.java:175)
    at org.eclipse.aether.internal.impl.collect.df.DfDependencyCollector.resolveCachedArtifactDescriptor (DfDependencyCollector.java:382)
    at org.eclipse.aether.internal.impl.collect.df.DfDependencyCollector.getArtifactDescriptorResult (DfDependencyCollector.java:368)
    at org.eclipse.aether.internal.impl.collect.df.DfDependencyCollector.processDependency (DfDependencyCollector.java:218)
    at org.eclipse.aether.internal.impl.collect.df.DfDependencyCollector.processDependency (DfDependencyCollector.java:156)
    at org.eclipse.aether.internal.impl.collect.df.DfDependencyCollector.process (DfDependencyCollector.java:138)
    at org.eclipse.aether.internal.impl.collect.df.DfDependencyCollector.doCollectDependencies (DfDependencyCollector.java:108)
    at org.eclipse.aether.internal.impl.collect.DependencyCollectorDelegate.collectDependencies (DependencyCollectorDelegate.java:222)
    at org.eclipse.aether.internal.impl.collect.DefaultDependencyCollector.collectDependencies (DefaultDependencyCollector.java:87)
    at org.eclipse.aether.internal.impl.DefaultRepositorySystem.collectDependencies (DefaultRepositorySystem.java:306)
    at org.apache.maven.plugin.internal.DefaultPluginDependenciesResolver.resolveInternal (DefaultPluginDependenciesResolver.java:212)
    at org.apache.maven.plugin.internal.DefaultPluginDependenciesResolver.resolve (DefaultPluginDependenciesResolver.java:165)
    at org.apache.maven.plugin.internal.DefaultMavenPluginManager.createPluginRealm (DefaultMavenPluginManager.java:377)
    at org.apache.maven.plugin.internal.DefaultMavenPluginManager.lambda$setupPluginRealm$1 (DefaultMavenPluginManager.java:340)
    at org.apache.maven.plugin.DefaultPluginRealmCache.lambda$get$0 (DefaultPluginRealmCache.java:156)
    at java.util.concurrent.ConcurrentHashMap.computeIfAbsent (ConcurrentHashMap.java:1724)
    at org.apache.maven.plugin.DefaultPluginRealmCache.get (DefaultPluginRealmCache.java:154)
    at org.apache.maven.plugin.internal.DefaultMavenPluginManager.setupPluginRealm (DefaultMavenPluginManager.java:339)
    at org.apache.maven.plugin.DefaultBuildPluginManager.getPluginRealm (DefaultBuildPluginManager.java:205)
    at org.apache.maven.plugin.DefaultBuildPluginManager.executeMojo (DefaultBuildPluginManager.java:98)
    at org.apache.maven.lifecycle.internal.MojoExecutor.doExecute2 (MojoExecutor.java:328)
    at org.apache.maven.lifecycle.internal.MojoExecutor.doExecute (MojoExecutor.java:316)
    at org.apache.maven.lifecycle.internal.MojoExecutor.execute (MojoExecutor.java:212)
    at org.apache.maven.lifecycle.internal.MojoExecutor.execute (MojoExecutor.java:174)
    at org.apache.maven.lifecycle.internal.MojoExecutor.access$000 (MojoExecutor.java:75)
    at org.apache.maven.lifecycle.internal.MojoExecutor$1.run (MojoExecutor.java:162)
    at org.apache.maven.plugin.DefaultMojosExecutionStrategy.execute (DefaultMojosExecutionStrategy.java:39)
    at org.apache.maven.lifecycle.internal.MojoExecutor.execute (MojoExecutor.java:159)
    at org.apache.maven.lifecycle.internal.LifecycleModuleBuilder.buildProject (LifecycleModuleBuilder.java:105)
    at org.apache.maven.lifecycle.internal.LifecycleModuleBuilder.buildProject (LifecycleModuleBuilder.java:73)
    at org.apache.maven.lifecycle.internal.builder.singlethreaded.SingleThreadedBuilder.build (SingleThreadedBuilder.java:53)
    at org.apache.maven.lifecycle.internal.LifecycleStarter.execute (LifecycleStarter.java:118)
    at org.apache.maven.DefaultMaven.doExecute (DefaultMaven.java:261)
    at org.apache.maven.DefaultMaven.doExecute (DefaultMaven.java:173)
    at org.apache.maven.DefaultMaven.execute (DefaultMaven.java:101)
    at org.apache.maven.cli.MavenCli.execute (MavenCli.java:906)
    at org.apache.maven.cli.MavenCli.doMain (MavenCli.java:283)
    at org.apache.maven.cli.MavenCli.main (MavenCli.java:206)
    at jdk.internal.reflect.DirectMethodHandleAccessor.invoke (DirectMethodHandleAccessor.java:104)
    at java.lang.reflect.Method.invoke (Method.java:565)
    at org.codehaus.plexus.classworlds.launcher.Launcher.launchEnhanced (Launcher.java:283)
    at org.codehaus.plexus.classworlds.launcher.Launcher.launch (Launcher.java:226)
    at org.codehaus.plexus.classworlds.launcher.Launcher.mainWithExitCode (Launcher.java:407)
    at org.codehaus.plexus.classworlds.launcher.Launcher.main (Launcher.java:348)
Caused by: sun.security.provider.certpath.SunCertPathBuilderException: unable to find valid certification path to requested target
    at sun.security.provider.certpath.SunCertPathBuilder.build (SunCertPathBuilder.java:148)
    at sun.security.provider.certpath.SunCertPathBuilder.engineBuild (SunCertPathBuilder.java:129)
    at java.security.cert.CertPathBuilder.build (CertPathBuilder.java:299)
    at sun.security.validator.PKIXValidator.doBuild (PKIXValidator.java:382)
    at sun.security.validator.PKIXValidator.engineValidate (PKIXValidator.java:270)
    at sun.security.validator.Validator.validate (Validator.java:256)
    at sun.security.ssl.X509TrustManagerImpl.checkTrusted (X509TrustManagerImpl.java:230)
    at sun.security.ssl.X509TrustManagerImpl.checkServerTrusted (X509TrustManagerImpl.java:132)
    at sun.security.ssl.CertificateMessage$T12CertificateConsumer.checkServerCerts (CertificateMessage.java:635)
    at sun.security.ssl.CertificateMessage$T12CertificateConsumer.onCertificate (CertificateMessage.java:471)
    at sun.security.ssl.CertificateMessage$T12CertificateConsumer.consume (CertificateMessage.java:367)
    at sun.security.ssl.SSLHandshake.consume (SSLHandshake.java:421)
    at sun.security.ssl.HandshakeContext.dispatch (HandshakeContext.java:477)
    at sun.security.ssl.HandshakeContext.dispatch (HandshakeContext.java:448)
    at sun.security.ssl.TransportContext.dispatch (TransportContext.java:199)
    at sun.security.ssl.SSLTransport.decode (SSLTransport.java:172)
    at sun.security.ssl.SSLSocketImpl.decode (SSLSocketImpl.java:1506)
    at sun.security.ssl.SSLSocketImpl.readHandshakeRecord (SSLSocketImpl.java:1421)
    at sun.security.ssl.SSLSocketImpl.startHandshake (SSLSocketImpl.java:455)
    at sun.security.ssl.SSLSocketImpl.startHandshake (SSLSocketImpl.java:426)
    at org.apache.http.conn.ssl.SSLConnectionSocketFactory.createLayeredSocket (SSLConnectionSocketFactory.java:436)
    at org.apache.http.conn.ssl.SSLConnectionSocketFactory.connectSocket (SSLConnectionSocketFactory.java:384)
    at org.apache.http.impl.conn.DefaultHttpClientConnectionOperator.connect (DefaultHttpClientConnectionOperator.java:142)
    at org.apache.http.impl.conn.PoolingHttpClientConnectionManager.connect (PoolingHttpClientConnectionManager.java:376)
    at org.apache.http.impl.execchain.MainClientExec.establishRoute (MainClientExec.java:393)
    at org.apache.http.impl.execchain.MainClientExec.execute (MainClientExec.java:236)
    at org.apache.http.impl.execchain.ProtocolExec.execute (ProtocolExec.java:186)
    at org.apache.http.impl.execchain.RetryExec.execute (RetryExec.java:89)
    at org.apache.http.impl.execchain.ServiceUnavailableRetryExec.execute (ServiceUnavailableRetryExec.java:85)
    at org.apache.http.impl.execchain.RedirectExec.execute (RedirectExec.java:110)
    at org.apache.http.impl.client.InternalHttpClient.doExecute (InternalHttpClient.java:185)
    at org.apache.http.impl.client.CloseableHttpClient.execute (CloseableHttpClient.java:72)
    at org.eclipse.aether.transport.http.HttpTransporter.execute (HttpTransporter.java:485)
    at org.eclipse.aether.transport.http.HttpTransporter.implGet (HttpTransporter.java:435)
    at org.eclipse.aether.spi.connector.transport.AbstractTransporter.get (AbstractTransporter.java:64)
    at org.eclipse.aether.connector.basic.BasicRepositoryConnector$GetTaskRunner.runTask (BasicRepositoryConnector.java:482)
    at org.eclipse.aether.connector.basic.BasicRepositoryConnector$TaskRunner.run (BasicRepositoryConnector.java:414)
    at org.eclipse.aether.connector.basic.BasicRepositoryConnector.get (BasicRepositoryConnector.java:260)
    at org.eclipse.aether.internal.impl.DefaultArtifactResolver.performDownloads (DefaultArtifactResolver.java:537)
    at org.eclipse.aether.internal.impl.DefaultArtifactResolver.resolve (DefaultArtifactResolver.java:449)
    at org.eclipse.aether.internal.impl.DefaultArtifactResolver.resolveArtifacts (DefaultArtifactResolver.java:261)
    at org.eclipse.aether.internal.impl.DefaultArtifactResolver.resolveArtifact (DefaultArtifactResolver.java:243)
    at org.apache.maven.repository.internal.DefaultArtifactDescriptorReader.loadPom (DefaultArtifactDescriptorReader.java:234)
    at org.apache.maven.repository.internal.DefaultArtifactDescriptorReader.readArtifactDescriptor (DefaultArtifactDescriptorReader.java:175)
    at org.eclipse.aether.internal.impl.collect.df.DfDependencyCollector.resolveCachedArtifactDescriptor (DfDependencyCollector.java:382)
    at org.eclipse.aether.internal.impl.collect.df.DfDependencyCollector.getArtifactDescriptorResult (DfDependencyCollector.java:368)
    at org.eclipse.aether.internal.impl.collect.df.DfDependencyCollector.processDependency (DfDependencyCollector.java:218)
    at org.eclipse.aether.internal.impl.collect.df.DfDependencyCollector.processDependency (DfDependencyCollector.java:156)
    at org.eclipse.aether.internal.impl.collect.df.DfDependencyCollector.process (DfDependencyCollector.java:138)
    at org.eclipse.aether.internal.impl.collect.df.DfDependencyCollector.doCollectDependencies (DfDependencyCollector.java:108)
    at org.eclipse.aether.internal.impl.collect.DependencyCollectorDelegate.collectDependencies (DependencyCollectorDelegate.java:222)
    at org.eclipse.aether.internal.impl.collect.DefaultDependencyCollector.collectDependencies (DefaultDependencyCollector.java:87)
    at org.eclipse.aether.internal.impl.DefaultRepositorySystem.collectDependencies (DefaultRepositorySystem.java:306)
    at org.apache.maven.plugin.internal.DefaultPluginDependenciesResolver.resolveInternal (DefaultPluginDependenciesResolver.java:212)
    at org.apache.maven.plugin.internal.DefaultPluginDependenciesResolver.resolve (DefaultPluginDependenciesResolver.java:165)
    at org.apache.maven.plugin.internal.DefaultMavenPluginManager.createPluginRealm (DefaultMavenPluginManager.java:377)
    at org.apache.maven.plugin.internal.DefaultMavenPluginManager.lambda$setupPluginRealm$1 (DefaultMavenPluginManager.java:340)
    at org.apache.maven.plugin.DefaultPluginRealmCache.lambda$get$0 (DefaultPluginRealmCache.java:156)
    at java.util.concurrent.ConcurrentHashMap.computeIfAbsent (ConcurrentHashMap.java:1724)
    at org.apache.maven.plugin.DefaultPluginRealmCache.get (DefaultPluginRealmCache.java:154)
    at org.apache.maven.plugin.internal.DefaultMavenPluginManager.setupPluginRealm (DefaultMavenPluginManager.java:339)
    at org.apache.maven.plugin.DefaultBuildPluginManager.getPluginRealm (DefaultBuildPluginManager.java:205)
    at org.apache.maven.plugin.DefaultBuildPluginManager.executeMojo (DefaultBuildPluginManager.java:98)
    at org.apache.maven.lifecycle.internal.MojoExecutor.doExecute2 (MojoExecutor.java:328)
    at org.apache.maven.lifecycle.internal.MojoExecutor.doExecute (MojoExecutor.java:316)
    at org.apache.maven.lifecycle.internal.MojoExecutor.execute (MojoExecutor.java:212)
    at org.apache.maven.lifecycle.internal.MojoExecutor.execute (MojoExecutor.java:174)
    at org.apache.maven.lifecycle.internal.MojoExecutor.access$000 (MojoExecutor.java:75)
    at org.apache.maven.lifecycle.internal.MojoExecutor$1.run (MojoExecutor.java:162)
    at org.apache.maven.plugin.DefaultMojosExecutionStrategy.execute (DefaultMojosExecutionStrategy.java:39)
    at org.apache.maven.lifecycle.internal.MojoExecutor.execute (MojoExecutor.java:159)
    at org.apache.maven.lifecycle.internal.LifecycleModuleBuilder.buildProject (LifecycleModuleBuilder.java:105)
    at org.apache.maven.lifecycle.internal.LifecycleModuleBuilder.buildProject (LifecycleModuleBuilder.java:73)
    at org.apache.maven.lifecycle.internal.builder.singlethreaded.SingleThreadedBuilder.build (SingleThreadedBuilder.java:53)
    at org.apache.maven.lifecycle.internal.LifecycleStarter.execute (LifecycleStarter.java:118)
    at org.apache.maven.DefaultMaven.doExecute (DefaultMaven.java:261)
    at org.apache.maven.DefaultMaven.doExecute (DefaultMaven.java:173)
    at org.apache.maven.DefaultMaven.execute (DefaultMaven.java:101)
    at org.apache.maven.cli.MavenCli.execute (MavenCli.java:906)
    at org.apache.maven.cli.MavenCli.doMain (MavenCli.java:283)
    at org.apache.maven.cli.MavenCli.main (MavenCli.java:206)
    at jdk.internal.reflect.DirectMethodHandleAccessor.invoke (DirectMethodHandleAccessor.java:104)
    at java.lang.reflect.Method.invoke (Method.java:565)
    at org.codehaus.plexus.classworlds.launcher.Launcher.launchEnhanced (Launcher.java:283)
    at org.codehaus.plexus.classworlds.launcher.Launcher.launch (Launcher.java:226)
    at org.codehaus.plexus.classworlds.launcher.Launcher.mainWithExitCode (Launcher.java:407)
    at org.codehaus.plexus.classworlds.launcher.Launcher.main (Launcher.java:348)
[ERROR] 
[ERROR] 
[ERROR] For more information about the errors and possible solutions, please read the following articles:
[ERROR] [Help 1] http://cwiki.apache.org/confluence/display/MAVEN/PluginResolutionException
[DEBUG] Shutting down adapter factory; available factories [file-lock, rwlock-local, semaphore-local, noop]; available name mappers [discriminating, file-gav, file-hgav, file-static, gav, static]
[DEBUG] Shutting down 'file-lock' factory
[DEBUG] Shutting down 'rwlock-local' factory
[DEBUG] Shutting down 'semaphore-local' factory
[DEBUG] Shutting down 'noop' factory
